Date;Price
4.1.2011;143,026
5.1.2011;143,877
6.1.2011;143,335
7.1.2011;143,026
10.1.2011;144,804
11.1.2011;147,51
12.1.2011;145,577
13.1.2011;143,413
14.1.2011;140,707
17.1.2011;141,635
18.1.2011;142,253
19.1.2011;138,619
20.1.2011;136,532
21.1.2011;134,986
24.1.2011;133,671
25.1.2011;136,223
26.1.2011;139,547
27.1.2011;139,779
28.1.2011;136,919
31.1.2011;135,682
1.2.2011;138,465
2.2.2011;138,001
3.2.2011;142,949
4.2.2011;145,114
7.2.2011;142,794
8.2.2011;142,485
9.2.2011;143,799
10.2.2011;143,567
11.2.2011;143,258
14.2.2011;142,098
15.2.2011;140,707
16.2.2011;143,335
17.2.2011;142,717
18.2.2011;143,335
21.2.2011;140,784
22.2.2011;139,547
23.2.2011;136,609
24.2.2011;136,068
25.2.2011;138,156
28.2.2011;140,861
1.3.2011;139,779
2.3.2011;138,774
3.3.2011;141,866
4.3.2011;142,253
7.3.2011;142,098
8.3.2011;147,742
9.3.2011;146,969
10.3.2011;145,887
11.3.2011;145,346
14.3.2011;143,181
15.3.2011;140,088
16.3.2011;135,682
17.3.2011;137,846
18.3.2011;136,919
21.3.2011;140,243
22.3.2011;140,552
23.3.2011;139,47
24.3.2011;140,32
25.3.2011;140,939
28.3.2011;140,398
29.3.2011;140,784
30.3.2011;142,794
31.3.2011;143,49
1.4.2011;145,5
4.4.2011;146,66
5.4.2011;147,201
6.4.2011;147,124
7.4.2011;146,351
8.4.2011;147,665
11.4.2011;147,51
12.4.2011;146,351
13.4.2011;146,196
14.4.2011;145,577
15.4.2011;148,438
18.4.2011;146,505
19.4.2011;145,887
20.4.2011;148,67
21.4.2011;146,119
22.4.2011;146,119
25.4.2011;146,119
26.4.2011;149,443
27.4.2011;149,366
28.4.2011;151,376
29.4.2011;151,376
2.5.2011;151,376
3.5.2011;150,216
4.5.2011;152,072
5.5.2011;150,68
6.5.2011;150,603
9.5.2011;152,304
10.5.2011;155,551
11.5.2011;156,092
12.5.2011;153,85
13.5.2011;151,608
16.5.2011;149,984
17.5.2011;150,603
18.5.2011;151,298
19.5.2011;151,84
20.5.2011;153,386
23.5.2011;150,68
24.5.2011;151,994
25.5.2011;152,226
26.5.2011;151,53
27.5.2011;152,613
30.5.2011;152,613
31.5.2011;155,241
1.6.2011;155,937
2.6.2011;154,236
3.6.2011;153,077
6.6.2011;152,458
7.6.2011;152,767
8.6.2011;151,221
9.6.2011;152,304
10.6.2011;149,907
13.6.2011;150,989
14.6.2011;154,932
15.6.2011;152,613
16.6.2011;151,453
17.6.2011;150,757
20.6.2011;151,298
21.6.2011;153,541
22.6.2011;155,319
23.6.2011;153,463
24.6.2011;152,381
27.6.2011;152,999
28.6.2011;150,448
29.6.2011;153,541
30.6.2011;155,783
1.7.2011;154,546
4.7.2011;155,009
5.7.2011;157,793
6.7.2011;156,71
7.7.2011;157,251
8.7.2011;155,783
11.7.2011;151,994
12.7.2011;151,685
13.7.2011;152,072
14.7.2011;149,83
15.7.2011;149,211
18.7.2011;145,036
19.7.2011;149,211
20.7.2011;150,216
21.7.2011;152,304
22.7.2011;153,077
25.7.2011;152,149
26.7.2011;151,144
27.7.2011;147,433
28.7.2011;152,999
29.7.2011;155,396
1.8.2011;154,623
2.8.2011;155,009
3.8.2011;152,072
4.8.2011;150,216
5.8.2011;139,393
8.8.2011;131,275
9.8.2011;129,729
10.8.2011;131,402
11.8.2011;134,829
12.8.2011;143,036
15.8.2011;142,239
16.8.2011;141,044
17.8.2011;140,407
18.8.2011;132,996
19.8.2011;129,171
22.8.2011;129,729
23.8.2011;129,729
24.8.2011;134,589
25.8.2011;130,286
26.8.2011;128,294
29.8.2011;128,294
30.8.2011;130,525
31.8.2011;136,661
1.9.2011;138,255
2.9.2011;133,155
5.9.2011;130,207
6.9.2011;129,569
7.9.2011;135,307
8.9.2011;136,422
9.9.2011;132,119
12.9.2011;129,33
13.9.2011;131,083
14.9.2011;134,988
15.9.2011;137,777
16.9.2011;140,088
19.9.2011;136,183
20.9.2011;139,53
21.9.2011;140,008
22.9.2011;133,872
23.9.2011;134,51
26.9.2011;136,263
27.9.2011;139,53
28.9.2011;138,494
29.9.2011;139,689
30.9.2011;138,414
3.10.2011;135,944
4.10.2011;130,525
5.10.2011;138,414
6.10.2011;141,363
7.10.2011;142,319
10.10.2011;144,869
11.10.2011;143,674
12.10.2011;146,702
13.10.2011;144,231
14.10.2011;144,391
17.10.2011;144,311
18.10.2011;142,558
19.10.2011;144,63
20.10.2011;142
21.10.2011;145,028
24.10.2011;146,303
25.10.2011;146,542
26.10.2011;147,1
27.10.2011;151,563
28.10.2011;149,73
31.10.2011;149,889
1.11.2011;143,913
2.11.2011;149,331
3.11.2011;153,555
4.11.2011;152,359
7.11.2011;152,12
8.11.2011;153,873
9.11.2011;151,323
10.11.2011;150,128
11.11.2011;152,12
14.11.2011;152,917
15.11.2011;153,236
16.11.2011;150,766
17.11.2011;147,339
18.11.2011;148,295
21.11.2011;144,231
22.11.2011;144,391
23.11.2011;140,725
24.11.2011;140,646
25.11.2011;141,203
28.11.2011;146,144
29.11.2011;147,738
30.11.2011;151,403
1.12.2011;150,606
2.12.2011;147,817
5.12.2011;150,288
6.12.2011;153,077
7.12.2011;151,483
8.12.2011;152,758
9.12.2011;154,112
12.12.2011;151,084
13.12.2011;152,678
14.12.2011;149,013
15.12.2011;149,65
16.12.2011;151,323
19.12.2011;149,013
20.12.2011;150,766
21.12.2011;150,128
22.12.2011;152,28
23.12.2011;153,395
26.12.2011;153,395
27.12.2011;153,395
28.12.2011;151,861
29.12.2011;155,092
30.12.2011;154,203
2.1.2012;154,203
3.1.2012;160,827
4.1.2012;159,938
5.1.2012;157,434
6.1.2012;158,323
9.1.2012;158,646
10.1.2012;161,15
11.1.2012;162,765
12.1.2012;161,311
13.1.2012;164,3
16.1.2012;167,693
17.1.2012;166,239
18.1.2012;164,704
19.1.2012;164,058
20.1.2012;165,997
23.1.2012;166,562
24.1.2012;168,662
25.1.2012;167,531
26.1.2012;167,854
27.1.2012;164,381
30.1.2012;163,573
31.1.2012;164,381
1.2.2012;166,804
2.2.2012;166,32
3.2.2012;172,863
6.2.2012;174,478
7.2.2012;173,751
8.2.2012;171,812
9.2.2012;172,459
10.2.2012;172,863
13.2.2012;174,236
14.2.2012;173,428
15.2.2012;172,459
16.2.2012;171,57
17.2.2012;173,428
20.2.2012;174,155
21.2.2012;174,478
22.2.2012;173,67
23.2.2012;174,074
24.2.2012;174,882
27.2.2012;175,932
28.2.2012;174,397
29.2.2012;173,67
1.3.2012;175,771
2.3.2012;174,963
5.3.2012;174,397
6.3.2012;170,52
7.3.2012;170,843
8.3.2012;174,64
9.3.2012;176,74
12.3.2012;174,963
13.3.2012;175,932
14.3.2012;176,094
15.3.2012;174,317
16.3.2012;174,155
19.3.2012;175,609
20.3.2012;174,478
21.3.2012;175,771
22.3.2012;177,871
23.3.2012;187,483
26.3.2012;185,868
27.3.2012;183,848
28.3.2012;183,848
29.3.2012;180,456
30.3.2012;182,879
2.4.2012;184,656
3.4.2012;184,091
4.4.2012;179,405
5.4.2012;179,567
6.4.2012;179,567
9.4.2012;179,567
10.4.2012;176,578
11.4.2012;172,216
12.4.2012;177,305
13.4.2012;175,286
16.4.2012;174,236
17.4.2012;177,467
18.4.2012;175,044
19.4.2012;174,72
20.4.2012;176,255
23.4.2012;170,358
24.4.2012;172,62
25.4.2012;174,478
26.4.2012;174,559
27.4.2012;171,974
30.4.2012;170,278
1.5.2012;175,205
2.5.2012;172,459
3.5.2012;174,397
4.5.2012;173,59
7.5.2012;173,59
8.5.2012;173,266
9.5.2012;175,447
10.5.2012;170,843
11.5.2012;169,389
14.5.2012;165,512
15.5.2012;167,45
16.5.2012;167,289
17.5.2012;163,573
18.5.2012;164,785
21.5.2012;164,139
22.5.2012;167,854
23.5.2012;165,512
24.5.2012;166,562
25.5.2012;166,723
28.5.2012;165,835
29.5.2012;166,804
30.5.2012;166,077
31.5.2012;166,643
1.6.2012;164,139
4.6.2012;164,139
5.6.2012;164,139
6.6.2012;164,785
7.6.2012;165,916
8.6.2012;166,804
11.6.2012;167,45
12.6.2012;170,924
13.6.2012;168,904
14.6.2012;162,927
15.6.2012;162,523
18.6.2012;163,089
19.6.2012;164,543
20.6.2012;163,735
21.6.2012;162,765
22.6.2012;165,593
25.6.2012;162,362
26.6.2012;162,119
27.6.2012;165,916
28.6.2012;167,531
29.6.2012;170,762
2.7.2012;173,913
3.7.2012;172,782
4.7.2012;173,347
5.7.2012;172,136
6.7.2012;173,832
9.7.2012;174,559
10.7.2012;175,528
11.7.2012;176,982
12.7.2012;173,428
13.7.2012;179,567
16.7.2012;179,244
17.7.2012;178,355
18.7.2012;182,394
19.7.2012;185,383
20.7.2012;181,263
23.7.2012;177,386
24.7.2012;175,609
25.7.2012;169,793
26.7.2012;175,528
27.7.2012;176,255
30.7.2012;176,821
31.7.2012;175,528
1.8.2012;176,74
2.8.2012;172,216
3.8.2012;174,72
6.8.2012;177,548
7.8.2012;181,263
8.8.2012;183,75
9.8.2012;179,274
10.8.2012;181,346
13.8.2012;181,015
14.8.2012;180,766
15.8.2012;180,435
16.8.2012;179,937
17.8.2012;181,761
20.8.2012;181,015
21.8.2012;181,678
22.8.2012;178,611
23.8.2012;179,689
24.8.2012;178,362
27.8.2012;178,362
28.8.2012;181,926
29.8.2012;182,258
30.8.2012;181,098
31.8.2012;180,352
3.9.2012;184,413
4.9.2012;183,418
5.9.2012;184,33
6.9.2012;187,148
7.9.2012;188,971
10.9.2012;189,634
11.9.2012;187,728
12.9.2012;194,939
13.9.2012;196,265
14.9.2012;193,115
17.9.2012;189,137
18.9.2012;188,225
19.9.2012;188,723
20.9.2012;189,303
21.9.2012;192,287
24.9.2012;193,53
25.9.2012;194,773
26.9.2012;191,375
27.9.2012;191,955
28.9.2012;191,209
1.10.2012;192,37
2.10.2012;192,618
3.10.2012;192,784
4.10.2012;191,955
5.10.2012;193,944
8.10.2012;188,06
9.10.2012;183,75
10.10.2012;181,844
11.10.2012;183,087
12.10.2012;181,263
15.10.2012;179,854
16.10.2012;182,258
17.10.2012;183,998
18.10.2012;185,159
19.10.2012;181,429
22.10.2012;181,844
23.10.2012;179,191
24.10.2012;180,103
25.10.2012;180,02
26.10.2012;179,937
29.10.2012;177,285
30.10.2012;178,694
31.10.2012;176,125
1.11.2012;188,143
2.11.2012;188,557
5.11.2012;187,562
6.11.2012;190,463
7.11.2012;185,49
8.11.2012;186,153
9.11.2012;185,905
12.11.2012;186,402
13.11.2012;188,889
14.11.2012;186,485
15.11.2012;186,651
16.11.2012;181,512
19.11.2012;185,573
20.11.2012;185,49
21.11.2012;185,656
22.11.2012;186,485
23.11.2012;187,894
26.11.2012;188,06
27.11.2012;187,562
28.11.2012;187,894
29.11.2012;193,53
30.11.2012;193,53
3.12.2012;192,618
4.12.2012;192,37
5.12.2012;194,276
6.12.2012;195,851
7.12.2012;194,856
10.12.2012;195,519
11.12.2012;196,182
12.12.2012;194,69
13.12.2012;196,762
14.12.2012;196,928
17.12.2012;196,182
18.12.2012;197,591
19.12.2012;199,829
20.12.2012;200,906
21.12.2012;198,751
24.12.2012;199,087
25.12.2012;199,087
26.12.2012;199,087
27.12.2012;199,423
28.12.2012;196,401
31.12.2012;193,967
1.1.2013;193,967
2.1.2013;199,087
3.1.2013;200,01
4.1.2013;203,787
7.1.2013;203,955
8.1.2013;205,718
9.1.2013;207,396
10.1.2013;206,725
11.1.2013;206,473
14.1.2013;204,207
15.1.2013;201,689
16.1.2013;202,444
17.1.2013;205,466
18.1.2013;206,473
21.1.2013;208,739
22.1.2013;209,579
23.1.2013;210,418
24.1.2013;209,159
25.1.2013;212,432
28.1.2013;211,593
29.1.2013;206,641
30.1.2013;209,831
31.1.2013;208,655
1.2.2013;222,252
4.2.2013;220,742
5.2.2013;225,694
6.2.2013;228,883
7.2.2013;224,099
8.2.2013;223,847
11.2.2013;224,183
12.2.2013;227,876
13.2.2013;231,569
14.2.2013;229,722
15.2.2013;231,065
18.2.2013;230,142
19.2.2013;232,408
20.2.2013;235,85
21.2.2013;229,974
22.2.2013;232,576
25.2.2013;228,044
26.2.2013;223,679
27.2.2013;226,617
28.2.2013;224,687
1.3.2013;225,358
4.3.2013;222,756
5.3.2013;225,358
6.3.2013;223,595
7.3.2013;221,581
8.3.2013;224,099
11.3.2013;227,037
12.3.2013;226,197
13.3.2013;223,092
14.3.2013;232,828
15.3.2013;228,547
18.3.2013;227,288
19.3.2013;226,533
20.3.2013;228,883
21.3.2013;223,511
22.3.2013;232,24
25.3.2013;235,682
26.3.2013;232,996
27.3.2013;230,394
28.3.2013;233,332
29.3.2013;233,332
1.4.2013;233,332
2.4.2013;236,437
3.4.2013;233,751
4.4.2013;229,639
5.4.2013;223,092
8.4.2013;223,008
9.4.2013;225,022
10.4.2013;232,492
11.4.2013;234,591
12.4.2013;233,499
15.4.2013;232,996
16.4.2013;230,31
17.4.2013;230,646
18.4.2013;231,653
19.4.2013;232,996
22.4.2013;232,156
23.4.2013;238,116
24.4.2013;238,619
25.4.2013;242,312
26.4.2013;239,878
29.4.2013;235,766
30.4.2013;231,821
1.5.2013;239,794
2.5.2013;234,255
3.5.2013;230,814
6.5.2013;230,814
7.5.2013;236,605
8.5.2013;236,941
9.5.2013;231,401
10.5.2013;259,77
13.5.2013;256,665
14.5.2013;261,449
15.5.2013;262,372
16.5.2013;265,478
17.5.2013;263,547
20.5.2013;270,43
21.5.2013;270,514
22.5.2013;269,842
23.5.2013;263,631
24.5.2013;258,259
27.5.2013;258,259
28.5.2013;262,372
29.5.2013;256,329
30.5.2013;254,65
31.5.2013;253,559
3.6.2013;247,013
4.6.2013;248,775
5.6.2013;246,845
6.6.2013;253,223
7.6.2013;262,54
10.6.2013;258,511
11.6.2013;255,993
12.6.2013;259,602
13.6.2013;258,259
14.6.2013;262,204
17.6.2013;261,869
18.6.2013;267,996
19.6.2013;263,295
20.6.2013;255,49
21.6.2013;258,008
24.6.2013;251,965
25.6.2013;255,909
26.6.2013;256,329
27.6.2013;259,351
28.6.2013;259,518
1.7.2013;266,485
2.7.2013;265,394
3.7.2013;266,737
4.7.2013;276,221
5.7.2013;276,389
8.7.2013;281,341
9.7.2013;280,334
10.7.2013;281,76
11.7.2013;283,187
12.7.2013;284,698
15.7.2013;288,727
16.7.2013;284,027
17.7.2013;280,334
18.7.2013;278,739
19.7.2013;283,775
22.7.2013;288,055
23.7.2013;285,286
24.7.2013;287,048
25.7.2013;280,669
26.7.2013;282,684
29.7.2013;282,516
30.7.2013;287,132
31.7.2013;285,957
1.8.2013;287,636
2.8.2013;285,034
5.8.2013;284,446
6.8.2013;284,194
7.8.2013;281,114
8.8.2013;279,402
9.8.2013;282,825
12.8.2013;281,542
13.8.2013;283,51
14.8.2013;279,146
15.8.2013;278,632
16.8.2013;278,803
19.8.2013;275,723
20.8.2013;280,857
21.8.2013;280,172
22.8.2013;282,825
23.8.2013;284,366
26.8.2013;284,366
27.8.2013;279,146
28.8.2013;276,407
29.8.2013;283,082
30.8.2013;278,375
2.9.2013;289,415
3.9.2013;289,158
4.9.2013;291,297
5.9.2013;293,094
6.9.2013;293,437
9.9.2013;293,522
10.9.2013;298,571
11.9.2013;296,517
12.9.2013;297,972
13.9.2013;295,576
16.9.2013;296,688
17.9.2013;294,72
18.9.2013;293,351
19.9.2013;292,067
20.9.2013;293,094
23.9.2013;293,18
24.9.2013;293,094
25.9.2013;293,094
26.9.2013;293,608
27.9.2013;296,432
30.9.2013;293,009
1.10.2013;297,373
2.10.2013;296,945
3.10.2013;297,544
4.10.2013;300,283
7.10.2013;296,945
8.10.2013;291,468
9.10.2013;293,265
10.10.2013;298,058
11.10.2013;297,886
14.10.2013;302,508
15.10.2013;303,278
16.10.2013;307,214
17.10.2013;311,578
18.10.2013;312,434
21.10.2013;314,402
22.10.2013;314,231
23.10.2013;310,209
24.10.2013;310,38
25.10.2013;307,3
28.10.2013;309,525
29.10.2013;316,114
30.10.2013;316,2
31.10.2013;322,618
1.11.2013;323,987
4.11.2013;322,789
5.11.2013;322,019
6.11.2013;320,478
7.11.2013;317,569
8.11.2013;318,424
11.11.2013;320,136
12.11.2013;322,703
13.11.2013;320,821
14.11.2013;324,329
15.11.2013;325,014
18.11.2013;326,896
19.11.2013;325,014
20.11.2013;321,847
21.11.2013;324,843
22.11.2013;321,847
25.11.2013;320,478
26.11.2013;318,51
27.11.2013;319,965
28.11.2013;320,05
29.11.2013;318,938
2.12.2013;314,231
3.12.2013;313,975
4.12.2013;314,231
5.12.2013;312,006
6.12.2013;317,141
9.12.2013;317,654
10.12.2013;315,429
11.12.2013;318,852
12.12.2013;315,515
13.12.2013;313,975
16.12.2013;318,339
17.12.2013;320,136
18.12.2013;319,366
19.12.2013;320,992
20.12.2013;322,446
23.12.2013;325,123
24.12.2013;326,764
25.12.2013;326,764
26.12.2013;326,764
27.12.2013;328,664
30.12.2013;325,814
31.12.2013;327,628
1.1.2014;327,628
2.1.2014;328,232
3.1.2014;329,7
6.1.2014;332,723
7.1.2014;331,6
8.1.2014;327,369
9.1.2014;331,6
10.1.2014;330,996
13.1.2014;332,205
14.1.2014;332,291
15.1.2014;333,327
16.1.2014;328,837
17.1.2014;331,082
20.1.2014;327,714
21.1.2014;329,441
22.1.2014;331,686
23.1.2014;331,082
24.1.2014;328,319
27.1.2014;325,21
28.1.2014;325,728
29.1.2014;319,424
30.1.2014;320,288
31.1.2014;330,996
3.2.2014;332,291
4.2.2014;332,118
5.2.2014;332,032
6.2.2014;335,745
7.2.2014;338,508
10.2.2014;338,508
11.2.2014;341,531
12.2.2014;342,135
13.2.2014;342,999
14.2.2014;342,394
17.2.2014;349,13
18.2.2014;361,047
19.2.2014;356,643
20.2.2014;358,629
21.2.2014;356,902
24.2.2014;357,42
25.2.2014;358,456
26.2.2014;355,693
27.2.2014;355,175
28.2.2014;353,879
3.3.2014;347,403
4.3.2014;350,943
5.3.2014;347,662
6.3.2014;348,785
7.3.2014;346,539
10.3.2014;342,912
11.3.2014;345,848
12.3.2014;347,403
13.3.2014;343,603
14.3.2014;335,918
17.3.2014;340,322
18.3.2014;339,631
19.3.2014;341,963
20.3.2014;338,077
21.3.2014;334,277
24.3.2014;330,823
25.3.2014;331,6
26.3.2014;326,678
27.3.2014;328,06
28.3.2014;323,051
31.3.2014;327,714
1.4.2014;328,06
2.4.2014;330,996
3.4.2014;329,528
4.4.2014;329,268
7.4.2014;323,828
8.4.2014;312,516
9.4.2014;313,897
10.4.2014;310,789
11.4.2014;309,148
14.4.2014;307,594
15.4.2014;309,148
16.4.2014;312,602
17.4.2014;319,079
18.4.2014;319,079
21.4.2014;319,079
22.4.2014;320,633
23.4.2014;321,238
24.4.2014;321,324
25.4.2014;321,842
28.4.2014;320,547
29.4.2014;322,965
30.4.2014;318,215
1.5.2014;325,642
2.5.2014;325,987
5.5.2014;325,987
6.5.2014;326,419
7.5.2014;325,383
8.5.2014;334,709
9.5.2014;330,305
12.5.2014;323,224
13.5.2014;323,742
14.5.2014;322,619
15.5.2014;313,293
16.5.2014;316,402
19.5.2014;320,46
20.5.2014;327,541
21.5.2014;329,959
22.5.2014;330,737
23.5.2014;334,622
26.5.2014;334,622
27.5.2014;338,508
28.5.2014;344,035
29.5.2014;342,826
30.5.2014;342,826
2.6.2014;345,071
3.6.2014;343,517
4.6.2014;343,431
5.6.2014;344,035
6.6.2014;349,907
9.6.2014;350,684
10.6.2014;342,394
11.6.2014;340,149
12.6.2014;343,085
13.6.2014;340,495
16.6.2014;332,377
17.6.2014;330,477
18.6.2014;332,464
19.6.2014;338,94
20.6.2014;334,882
23.6.2014;332,377
24.6.2014;331,168
25.6.2014;329,182
26.6.2014;333,327
27.6.2014;335,918
30.6.2014;332,377
1.7.2014;338,767
2.7.2014;337,472
3.7.2014;335,831
4.7.2014;335,054
7.7.2014;333,759
8.7.2014;327,973
9.7.2014;328,664
10.7.2014;329,441
11.7.2014;332,032
14.7.2014;333,413
15.7.2014;333,586
16.7.2014;334,277
17.7.2014;330,564
18.7.2014;331,168
21.7.2014;330,218
22.7.2014;336,004
23.7.2014;336,09
24.7.2014;334,968
25.7.2014;330,737
28.7.2014;330,737
29.7.2014;334,191
30.7.2014;334,968
31.7.2014;335,486
1.8.2014;329,7
4.8.2014;326,073
5.8.2014;326,764
6.8.2014;327,023
7.8.2014;327,369
8.8.2014;320,719
11.8.2014;323,31
12.8.2014;323,569
13.8.2014;324,803
14.8.2014;324,186
15.8.2014;327,182
18.8.2014;327,887
19.8.2014;331,323
20.8.2014;330,971
21.8.2014;334,496
22.8.2014;334,76
25.8.2014;334,76
26.8.2014;336,875
27.8.2014;337,315
28.8.2014;341,898
29.8.2014;341,016
1.9.2014;339,783
2.9.2014;339,518
3.9.2014;341,369
4.9.2014;343,66
5.9.2014;342,338
8.9.2014;341,281
9.9.2014;341,369
10.9.2014;343,748
11.9.2014;341,721
12.9.2014;343,131
15.9.2014;341,281
16.9.2014;340,664
17.9.2014;342,25
18.9.2014;348,506
19.9.2014;350,533
22.9.2014;345,158
23.9.2014;341,545
24.9.2014;342,25
25.9.2014;337,668
26.9.2014;338,02
29.9.2014;336,611
30.9.2014;334,496
1.10.2014;334,408
2.10.2014;329,385
3.10.2014;332,028
6.10.2014;331,323
7.10.2014;326,829
8.10.2014;328,151
9.10.2014;325,155
10.10.2014;325,596
13.10.2014;324,627
14.10.2014;325,596
15.10.2014;317,313
16.10.2014;318,546
17.10.2014;319,604
20.10.2014;320,044
21.10.2014;325,86
22.10.2014;328,768
23.10.2014;331,852
24.10.2014;326,036
27.10.2014;325,42
28.10.2014;330,795
29.10.2014;330,883
30.10.2014;324,186
31.10.2014;323,833
3.11.2014;323,657
4.11.2014;319,163
5.11.2014;327,182
6.11.2014;327,27
7.11.2014;329,121
10.11.2014;330,53
11.11.2014;325,067
12.11.2014;323,481
13.11.2014;325,067
14.11.2014;329,737
17.11.2014;331,147
18.11.2014;335,906
19.11.2014;335,729
20.11.2014;330,971
21.11.2014;334,848
24.11.2014;347,273
25.11.2014;348,771
26.11.2014;356,349
27.11.2014;357,142
28.11.2014;361,46
1.12.2014;362,87
2.12.2014;368,245
3.12.2014;359,786
4.12.2014;362,605
5.12.2014;370,095
8.12.2014;367,011
9.12.2014;359,962
10.12.2014;361,372
11.12.2014;362,253
12.12.2014;350,181
15.12.2014;350,709
16.12.2014;357,23
17.12.2014;354,058
18.12.2014;353,177
19.12.2014;356,701
22.12.2014;362,165
23.12.2014;364,896
24.12.2014;367,187
25.12.2014;367,187
26.12.2014;367,187
29.12.2014;360,694
30.12.2014;357,937
31.12.2014;357,136
1.1.2015;357,136
2.1.2015;356,691
5.1.2015;349,042
6.1.2015;343,26
7.1.2015;349,931
8.1.2015;355,179
9.1.2015;349,131
12.1.2015;353,934
13.1.2015;355,624
14.1.2015;357,047
15.1.2015;355,98
16.1.2015;363,896
19.1.2015;366,298
20.1.2015;368,611
21.1.2015;374,748
22.1.2015;374,659
23.1.2015;383,465
26.1.2015;378,929
27.1.2015;375,46
28.1.2015;379,729
29.1.2015;381,686
30.1.2015;371,724
2.2.2015;367,454
3.2.2015;374,659
4.2.2015;376,26
5.2.2015;393,161
6.2.2015;394,051
9.2.2015;388,358
10.2.2015;394,762
11.2.2015;409,172
12.2.2015;400,277
13.2.2015;390,581
16.2.2015;389,603
17.2.2015;393,161
18.2.2015;387,29
19.2.2015;388,625
20.2.2015;392,449
23.2.2015;393,873
24.2.2015;397,609
25.2.2015;394,762
26.2.2015;401,7
27.2.2015;405,347
2.3.2015;405,703
3.3.2015;402,679
4.3.2015;408,283
5.3.2015;410,595
6.3.2015;408,46
9.3.2015;403,835
10.3.2015;394,051
11.3.2015;397,164
12.3.2015;399,21
13.3.2015;401,878
16.3.2015;401,7
17.3.2015;403,301
18.3.2015;407,927
19.3.2015;412,018
20.3.2015;413,975
23.3.2015;413,975
24.3.2015;414,064
25.3.2015;418,556
26.3.2015;411,262
27.3.2015;403,835
30.3.2015;398,72
31.3.2015;389,603
1.4.2015;392,627
2.4.2015;393,962
3.4.2015;393,962
6.4.2015;393,962
7.4.2015;398,142
8.4.2015;395,207
9.4.2015;403,568
10.4.2015;404,413
13.4.2015;405,614
14.4.2015;405,614
15.4.2015;404,814
16.4.2015;402,056
17.4.2015;400,277
20.4.2015;402,946
21.4.2015;406,37
22.4.2015;409,661
23.4.2015;412,641
24.4.2015;415,932
27.4.2015;413,041
28.4.2015;414,02
29.4.2015;406,948
30.4.2015;405,392
1.5.2015;408,994
4.5.2015;408,994
5.5.2015;399,565
6.5.2015;404,102
7.5.2015;403,034
8.5.2015;417,756
11.5.2015;418,067
12.5.2015;413,353
13.5.2015;416,244
14.5.2015;413,62
15.5.2015;411,841
18.5.2015;410,373
19.5.2015;414,909
20.5.2015;411,085
21.5.2015;408,416
22.5.2015;401,211
25.5.2015;401,211
26.5.2015;402,101
27.5.2015;408,283
28.5.2015;400,055
29.5.2015;397,342
1.6.2015;394,54
2.6.2015;394,54
3.6.2015;398,009
4.6.2015;393,606
5.6.2015;390,848
8.6.2015;390,315
9.6.2015;392,005
10.6.2015;397,697
11.6.2015;397,475
12.6.2015;403,39
15.6.2015;402,545
16.6.2015;396,052
17.6.2015;400,989
18.6.2015;401,255
19.6.2015;404,057
22.6.2015;413,62
23.6.2015;416,377
24.6.2015;412,196
25.6.2015;410,239
26.6.2015;412,864
29.6.2015;408,905
30.6.2015;400,455
1.7.2015;405,836
2.7.2015;405,836
3.7.2015;403,657
6.7.2015;397,431
7.7.2015;389,87
8.7.2015;391,649
9.7.2015;400,633
10.7.2015;404,858
13.7.2015;409,306
14.7.2015;411,93
15.7.2015;417,578
16.7.2015;420,113
17.7.2015;425,094
20.7.2015;426,206
21.7.2015;423,849
22.7.2015;417,622
23.7.2015;412,552
24.7.2015;411,218
27.7.2015;410,773
28.7.2015;414,153
29.7.2015;421,18
30.7.2015;416,244
31.7.2015;413,13
3.8.2015;417,356
4.8.2015;417,622
5.8.2015;415,888
6.8.2015;418,334
7.8.2015;413,886
10.8.2015;419,49
11.8.2015;413,975
12.8.2015;410,417
13.8.2015;411,731
14.8.2015;413,408
17.8.2015;412,728
18.8.2015;411,822
19.8.2015;405,207
20.8.2015;404,255
21.8.2015;394,831
24.8.2015;375,347
25.8.2015;391,07
26.8.2015;387,083
27.8.2015;392,973
28.8.2015;396,326
31.8.2015;396,326
1.9.2015;381,646
2.9.2015;386,902
3.9.2015;391,478
4.9.2015;382,824
7.9.2015;385,905
8.9.2015;391,523
9.9.2015;395,873
10.9.2015;391,568
11.9.2015;383,005
14.9.2015;383,775
15.9.2015;382,008
16.9.2015;386,403
17.9.2015;379,697
18.9.2015;376,072
21.9.2015;374,713
22.9.2015;366,104
23.9.2015;373,49
24.9.2015;369,774
25.9.2015;381,057
28.9.2015;377,386
29.9.2015;374,487
30.9.2015;380,241
1.10.2015;380,83
2.10.2015;381,102
5.10.2015;389,937
6.10.2015;392,022
7.10.2015;388,08
8.10.2015;391,795
9.10.2015;393,29
12.10.2015;394,514
13.10.2015;391,251
14.10.2015;378,066
15.10.2015;386,539
16.10.2015;389,756
19.10.2015;387,989
20.10.2015;396,19
21.10.2015;393,743
22.10.2015;401,99
23.10.2015;407,971
26.10.2015;409,466
27.10.2015;409,602
28.10.2015;424,69
29.10.2015;425,551
30.10.2015;421,382
2.11.2015;420,114
3.11.2015;418,483
4.11.2015;421,881
5.11.2015;422,651
6.11.2015;421,881
9.11.2015;417,304
10.11.2015;421,835
11.11.2015;430,852
12.11.2015;436,471
13.11.2015;430,58
16.11.2015;434,522
17.11.2015;446,665
18.11.2015;441,545
19.11.2015;445,034
20.11.2015;445,125
23.11.2015;444,672
24.11.2015;439,688
25.11.2015;443,448
26.11.2015;450,834
27.11.2015;452,918
30.11.2015;449,882
1.12.2015;446,076
2.12.2015;445,895
3.12.2015;434,16
4.12.2015;434,386
7.12.2015;435,428
8.12.2015;428,36
9.12.2015;423,376
10.12.2015;425,143
11.12.2015;417,35
14.12.2015;413,997
15.12.2015;425,46
16.12.2015;424,282
17.12.2015;426,548
18.12.2015;415,311
21.12.2015;412,366
22.12.2015;416,398
23.12.2015;428,541
24.12.2015;427,215
25.12.2015;427,215
28.12.2015;427,215
29.12.2015;431,88
30.12.2015;430,371
31.12.2015;431,468
1.1.2016;431,468
4.1.2016;420,675
5.1.2016;424,837
6.1.2016;427,489
7.1.2016;422,824
8.1.2016;425,934
11.1.2016;423,51
12.1.2016;433,023
13.1.2016;435,539
14.1.2016;427,169
15.1.2016;423,785
18.1.2016;420,218
19.1.2016;427,855
20.1.2016;413,449
21.1.2016;425,934
22.1.2016;445,692
25.1.2016;430,828
26.1.2016;428,358
27.1.2016;437,506
28.1.2016;426,438
29.1.2016;443,497
1.2.2016;452,049
2.2.2016;453,696
3.2.2016;444,549
4.2.2016;444,091
5.2.2016;435,31
8.2.2016;416,01
9.2.2016;420,721
10.2.2016;424,837
11.2.2016;412,031
12.2.2016;410,018
15.2.2016;416,604
16.2.2016;417,107
17.2.2016;422,138
18.2.2016;424,745
19.2.2016;418,8
22.2.2016;427,581
23.2.2016;420,629
24.2.2016;419,349
25.2.2016;438,878
26.2.2016;443,68
29.2.2016;445,006
1.3.2016;453,696
2.3.2016;440,707
3.3.2016;434,716
4.3.2016;429,913
7.3.2016;425,98
8.3.2016;423,922
9.3.2016;420,583
10.3.2016;413,083
11.3.2016;419,897
14.3.2016;422,596
15.3.2016;415,415
16.3.2016;413,54
17.3.2016;408,418
18.3.2016;408,875
21.3.2016;410,933
22.3.2016;406,68
23.3.2016;404,667
24.3.2016;396,023
25.3.2016;396,023
28.3.2016;396,023
29.3.2016;401,969
30.3.2016;408,052
31.3.2016;402,929
1.4.2016;401,192
4.4.2016;401,237
5.4.2016;398,219
6.4.2016;404,439
7.4.2016;402,518
8.4.2016;400,14
11.4.2016;403,524
12.4.2016;406,451
13.4.2016;406,68
14.4.2016;408,372
15.4.2016;406,131
18.4.2016;416,101
19.4.2016;412,625
20.4.2016;400,871
21.4.2016;397,67
22.4.2016;397,899
25.4.2016;392,822
26.4.2016;392,502
27.4.2016;400,46
28.4.2016;397,213
29.4.2016;405,399
2.5.2016;405,399
3.5.2016;409,973
4.5.2016;402,015
5.5.2016;412,58
6.5.2016;405,674
9.5.2016;403,25
10.5.2016;403,616
11.5.2016;399,637
12.5.2016;400,185
13.5.2016;402,609
16.5.2016;400,506
17.5.2016;404,53
18.5.2016;401,695
19.5.2016;395,978
20.5.2016;405,216
23.5.2016;402,335
24.5.2016;410,247
25.5.2016;409,058
26.5.2016;410,339
27.5.2016;413,357
30.5.2016;413,357
31.5.2016;405,033
1.6.2016;394,377
2.6.2016;396,527
3.6.2016;395,017
6.6.2016;393,325
7.6.2016;390,444
8.6.2016;386,099
9.6.2016;388,98
10.6.2016;386,51
13.6.2016;375,9
14.6.2016;362,774
15.6.2016;366,25
16.6.2016;367,713
17.6.2016;372,424
20.6.2016;392,502
21.6.2016;389,895
22.6.2016;393,92
23.6.2016;402,198
24.6.2016;351,111
27.6.2016;343,794
28.6.2016;358,063
29.6.2016;376,449
30.6.2016;375,031
1.7.2016;374,665
4.7.2016;368,171
5.7.2016;367,713
6.7.2016;354,496
7.7.2016;359,481
8.7.2016;363,094
11.7.2016;363,643
12.7.2016;372,104
13.7.2016;368,308
14.7.2016;364,512
15.7.2016;365,884
18.7.2016;361,31
19.7.2016;359,069
20.7.2016;356,188
21.7.2016;354,038
22.7.2016;351,248
25.7.2016;354,45
26.7.2016;365,609
27.7.2016;367,805
28.7.2016;379,01
29.7.2016;378,095
1.8.2016;372,607
2.8.2016;369,177
3.8.2016;373,75
4.8.2016;374,985
5.8.2016;371,875
8.8.2016;369,588
9.8.2016;370,457
10.8.2016;373,567
11.8.2016;374,036
12.8.2016;372,631
15.8.2016;371,694
16.8.2016;367,76
17.8.2016;370,757
18.8.2016;368,509
19.8.2016;366,682
22.8.2016;370,336
23.8.2016;374,27
24.8.2016;370,898
25.8.2016;369,258
26.8.2016;369,82
29.8.2016;369,82
30.8.2016;364,481
31.8.2016;361,905
1.9.2016;362,139
2.9.2016;368,649
5.9.2016;367,806
6.9.2016;370,008
7.9.2016;365,324
8.9.2016;369,727
9.9.2016;365,371
12.9.2016;360,64
13.9.2016;355,535
14.9.2016;351,554
15.9.2016;355,863
16.9.2016;357,081
19.9.2016;360,313
20.9.2016;363,778
21.9.2016;366,354
22.9.2016;371,881
23.9.2016;372,443
26.9.2016;365,09
27.9.2016;362,514
28.9.2016;366,963
29.9.2016;366,542
30.9.2016;364,434
3.10.2016;360,734
4.10.2016;364,575
5.10.2016;357,128
6.10.2016;350,196
7.10.2016;344,482
10.10.2016;349,4
11.10.2016;349,54
12.10.2016;346,496
13.10.2016;344,716
14.10.2016;351,554
17.10.2016;354,692
18.10.2016;360,313
19.10.2016;355,957
20.10.2016;352,959
21.10.2016;356,285
24.10.2016;353,802
25.10.2016;363,17
26.10.2016;363,076
27.10.2016;355,254
28.10.2016;354,786
31.10.2016;352,163
1.11.2016;347,667
2.11.2016;348,65
3.11.2016;347,854
4.11.2016;338,674
7.11.2016;338,253
8.11.2016;340,032
9.11.2016;339,845
10.11.2016;325,841
11.11.2016;338,159
14.11.2016;335,021
15.11.2016;340,688
16.11.2016;339,236
17.11.2016;349,774
18.11.2016;339,939
21.11.2016;338,674
22.11.2016;343,264
23.11.2016;337,691
24.11.2016;335,442
25.11.2016;336,145
28.11.2016;328,136
29.11.2016;331,93
30.11.2016;334,506
1.12.2016;330,852
2.12.2016;335,911
5.12.2016;329,869
6.12.2016;329,822
7.12.2016;334,693
8.12.2016;334,459
9.12.2016;329,728
12.12.2016;324,764
13.12.2016;336,707
14.12.2016;340,641
15.12.2016;340,548
16.12.2016;343,779
19.12.2016;347,901
20.12.2016;344,857
21.12.2016;347,76
22.12.2016;347,479
23.12.2016;346,917
26.12.2016;346,917
27.12.2016;346,917
28.12.2016;344,763
29.12.2016;352,12
30.12.2016;348,275
2.1.2017;348,275
3.1.2017;352,594
4.1.2017;361,232
5.1.2017;364,887
6.1.2017;365,029
9.1.2017;366,358
10.1.2017;368,019
11.1.2017;376,705
12.1.2017;372,101
13.1.2017;371,864
16.1.2017;368,874
17.1.2017;363,938
18.1.2017;361,232
19.1.2017;358,859
20.1.2017;367,497
23.1.2017;363,131
24.1.2017;287,619
25.1.2017;287,002
26.1.2017;286,765
27.1.2017;287,429
30.1.2017;289,992
31.1.2017;288,426
1.2.2017;290,087
2.2.2017;289,707
3.2.2017;291,843
6.2.2017;291,273
7.2.2017;292,887
8.2.2017;295,403
9.2.2017;292,65
10.2.2017;290,704
13.2.2017;289,233
14.2.2017;290,229
15.2.2017;293,979
16.2.2017;296,637
17.2.2017;300,054
20.2.2017;306,888
21.2.2017;304,515
22.2.2017;310,638
23.2.2017;314,387
24.2.2017;316,001
27.2.2017;314,008
28.2.2017;310,495
1.3.2017;311,777
2.3.2017;317,615
3.3.2017;316,048
6.3.2017;316,143
7.3.2017;315,621
8.3.2017;311,824
9.3.2017;313,438
10.3.2017;325,066
13.3.2017;314,767
14.3.2017;317,093
15.3.2017;315,099
16.3.2017;313,391
17.3.2017;317,377
20.3.2017;316,238
21.3.2017;310,448
22.3.2017;313,77
23.3.2017;314,577
24.3.2017;309,119
27.3.2017;308,455
28.3.2017;307,79
29.3.2017;305,987
30.3.2017;300,908
31.3.2017;302,047
3.4.2017;299,959
4.4.2017;298,013
5.4.2017;297,681
6.4.2017;298,25
7.4.2017;296,209
10.4.2017;299,01
11.4.2017;297,064
12.4.2017;299,674
13.4.2017;297,206
14.4.2017;297,206
17.4.2017;297,206
18.4.2017;294,596
19.4.2017;295,687
20.4.2017;295,735
21.4.2017;295,165
24.4.2017;298,06
25.4.2017;297,538
26.4.2017;294,311
27.4.2017;292,46
28.4.2017;289,28
1.5.2017;289,28
2.5.2017;287,144
3.5.2017;286,67
4.5.2017;290,134
5.5.2017;293,836
8.5.2017;291,036
9.5.2017;290,467
10.5.2017;296,067
11.5.2017;282,73
12.5.2017;290,419
15.5.2017;288,093
16.5.2017;294,121
17.5.2017;293,362
18.5.2017;293,267
19.5.2017;295,735
22.5.2017;298,867
23.5.2017;299,627
24.5.2017;300,766
25.5.2017;297,491
26.5.2017;297,871
29.5.2017;297,871
30.5.2017;293,172
31.5.2017;293,836
1.6.2017;288,426
2.6.2017;287,761
5.6.2017;289,185
6.6.2017;286,337
7.6.2017;287,524
8.6.2017;285,91
9.6.2017;279,788
12.6.2017;283,347
13.6.2017;281,734
14.6.2017;282,588
15.6.2017;278,601
16.6.2017;276,323
19.6.2017;274,994
20.6.2017;271,767
21.6.2017;268,824
22.6.2017;267,685
23.6.2017;271,387
26.6.2017;273,57
27.6.2017;273,855
28.6.2017;279,171
29.6.2017;278,316
30.6.2017;279,788
3.7.2017;277,13
4.7.2017;276,892
5.7.2017;274,092
6.7.2017;273,048
7.7.2017;272,621
10.7.2017;273,76
11.7.2017;273,001
12.7.2017;275,374
13.7.2017;286,29
14.7.2017;285,388
17.7.2017;286,67
18.7.2017;288,805
19.7.2017;289,66
20.7.2017;295,023
21.7.2017;292,697
24.7.2017;290,134
25.7.2017;291,036
26.7.2017;294,881
27.7.2017;300,101
28.7.2017;294,643
31.7.2017;297,586
1.8.2017;299,959
2.8.2017;297,016
3.8.2017;297,966
4.8.2017;300,671
7.8.2017;299,959
8.8.2017;300,861
9.8.2017;297,396
10.8.2017;293,614
11.8.2017;289,145
14.8.2017;291,699
15.8.2017;291,404
16.8.2017;289,194
17.8.2017;288,408
18.8.2017;287,327
21.8.2017;287,033
22.8.2017;287,769
23.8.2017;287,818
24.8.2017;286,541
25.8.2017;285,019
28.8.2017;285,019
29.8.2017;282,661
30.8.2017;285,559
31.8.2017;287,376
1.9.2017;283,349
4.9.2017;284,822
5.9.2017;282,612
6.9.2017;280,353
7.9.2017;281,482
8.9.2017;278,928
11.9.2017;278,928
12.9.2017;278,241
13.9.2017;280,009
14.9.2017;277,504
15.9.2017;279,37
18.9.2017;282,514
19.9.2017;279,96
20.9.2017;281,777
21.9.2017;277,553
22.9.2017;277,799
25.9.2017;281,875
26.9.2017;280,451
27.9.2017;279,567
28.9.2017;277,357
29.9.2017;278,879
2.10.2017;278,143
3.10.2017;274,41
4.10.2017;274,312
5.10.2017;274,557
6.10.2017;278,143
9.10.2017;274,557
10.10.2017;272,15
11.10.2017;271,168
12.10.2017;274,066
13.10.2017;269,989
16.10.2017;268,614
17.10.2017;265,225
18.10.2017;266,551
19.10.2017;267,877
20.10.2017;266,06
23.10.2017;268,909
24.10.2017;267,73
25.10.2017;260,363
26.10.2017;260,264
27.10.2017;258,349
30.10.2017;257,465
31.10.2017;255,697
1.11.2017;255,893
2.11.2017;249,115
3.11.2017;245,382
6.11.2017;247,838
7.11.2017;244,105
8.11.2017;246,709
9.11.2017;244,597
10.11.2017;243,369
13.11.2017;240,127
14.11.2017;239,439
15.11.2017;242,779
16.11.2017;240,52
17.11.2017;241,06
20.11.2017;241,453
21.11.2017;241,158
22.11.2017;245,284
23.11.2017;244,597
24.11.2017;242,092
27.11.2017;241,895
28.11.2017;244,597
29.11.2017;250,883
30.11.2017;256,188
1.12.2017;252,553
4.12.2017;253,634
5.12.2017;253,536
6.12.2017;252,652
7.12.2017;258,103
8.12.2017;263,261
11.12.2017;263,997
12.12.2017;264,93
13.12.2017;263,261
14.12.2017;269,007
15.12.2017;272,642
18.12.2017;270,481
19.12.2017;268,909
20.12.2017;265,373
21.12.2017;269,154
22.12.2017;269,253
25.12.2017;269,253
26.12.2017;269,253
27.12.2017;269,4
28.12.2017;267,35
29.12.2017;271,7
1.1.2018;271,7
2.1.2018;275
3.1.2018;272,4
4.1.2018;269,05
5.1.2018;271
8.1.2018;267,95
9.1.2018;273,6
10.1.2018;272,8
11.1.2018;270,85
12.1.2018;274,9
15.1.2018;275,7
16.1.2018;274
17.1.2018;269
18.1.2018;267
19.1.2018;264,1
22.1.2018;266,3
23.1.2018;265,85
24.1.2018;261,4
25.1.2018;260,55
26.1.2018;262,9
29.1.2018;260,25
30.1.2018;257,5
31.1.2018;255,45
1.2.2018;256
2.2.2018;250,35
5.2.2018;246,9
6.2.2018;239
7.2.2018;241,3
8.2.2018;235,5
9.2.2018;230,95
12.2.2018;230,4
13.2.2018;225,85
14.2.2018;225,55
15.2.2018;225,65
16.2.2018;228,4
19.2.2018;228
20.2.2018;230,8
21.2.2018;232,5
22.2.2018;232,35
23.2.2018;244,05
26.2.2018;242,8
27.2.2018;243,25
28.2.2018;239,8
1.3.2018;240
2.3.2018;236,25
5.3.2018;238,4
6.3.2018;238,15
7.3.2018;238,35
8.3.2018;240,55
9.3.2018;239,4
12.3.2018;235
13.3.2018;227,15
14.3.2018;225,5
15.3.2018;224,95
16.3.2018;227,85
19.3.2018;225,7
20.3.2018;223,5
21.3.2018;221,95
22.3.2018;216,7
