2011-01-04;5,8615
2011-01-05;5,982
2011-01-06;5,982
2011-01-07;5,9418
2011-01-10;5,8251
2011-01-11;5,9053
2011-01-12;6,0075
2011-01-13;6,0075
2011-01-14;6,0002
2011-01-17;5,9856
2011-01-18;5,8506
2011-01-19;5,5769
2011-01-20;5,701
2011-01-21;5,763
2011-01-24;5,7886
2011-01-25;5,6024
2011-01-26;5,6937
2011-01-27;5,6462
2011-01-28;5,7302
2011-01-31;5,7083
2011-02-01;5,7192
2011-02-02;5,9637
2011-02-03;5,9601
2011-02-04;5,9309
2011-02-07;6,0951
2011-02-08;6,0404
2011-02-09;6,128
2011-02-10;5,9564
2011-02-11;5,1097
2011-02-14;4,8396
2011-02-15;4,8871
2011-02-16;4,9272
2011-02-17;4,9017
2011-02-18;4,8907
2011-02-21;4,8396
2011-02-22;4,7301
2011-02-23;4,5768
2011-02-24;4,5476
2011-02-25;4,5841
2011-02-28;4,5841
2011-03-01;4,6206
2011-03-02;4,5841
2011-03-03;4,533
2011-03-04;4,4235
2011-03-07;4,3797
2011-03-08;4,4235
2011-03-09;4,4965
2011-03-10;4,46
2011-03-11;4,4381
2011-03-14;4,2994
2011-03-15;4,1899
2011-03-16;4,1535
2011-03-17;4,1899
2011-03-18;4,2921
2011-03-21;4,3067
2011-03-22;4,3177
2011-03-23;4,314
2011-03-24;4,3724
2011-03-25;4,3578
2011-03-28;4,5148
2011-03-29;4,5038
2011-03-30;4,4673
2011-03-31;4,4053
2011-04-01;4,3724
2011-04-04;4,4527
2011-04-05;4,5221
2011-04-06;4,5695
2011-04-07;4,5732
2011-04-08;4,5549
2011-04-11;4,5914
2011-04-12;4,4418
2011-04-13;4,4235
2011-04-14;4,3797
2011-04-15;4,3797
2011-04-18;4,2775
2011-04-19;4,2228
2011-04-20;4,3323
2011-04-21;4,3505
2011-04-22;4,3505
2011-04-25;4,3505
2011-04-26;4,3505
2011-04-27;4,4929
2011-04-28;4,5987
2011-04-29;4,5403
2011-05-02;4,5951
2011-05-03;4,5914
2011-05-04;4,5524
2011-05-05;4,5486
2011-05-06;4,6148
2011-05-09;4,5914
2011-05-10;4,6928
2011-05-11;4,759
2011-05-12;4,72
2011-05-13;4,6928
2011-05-16;4,72
2011-05-17;4,6889
2011-05-18;4,6889
2011-05-19;4,6421
2011-05-20;4,5992
2011-05-23;4,4823
2011-05-24;4,5057
2011-05-25;4,533
2011-05-26;4,455
2011-05-27;4,4823
2011-05-30;4,4901
2011-05-31;3,7028
2011-06-01;3,6747
2011-06-02;3,6747
2011-06-03;3,4938
2011-06-06;3,5469
2011-06-07;3,4923
2011-06-08;3,3473
2011-06-09;3,3582
2011-06-10;3,352
2011-06-13;3,3473
2011-06-14;3,4003
2011-06-15;3,2662
2011-06-16;3,2241
2011-06-17;3,299
2011-06-20;3,1571
2011-06-21;3,2787
2011-06-22;3,2803
2011-06-23;3,2304
2011-06-24;3,2304
2011-06-27;3,3192
2011-06-28;3,313
2011-06-29;3,419
2011-06-30;3,4845
2011-07-01;3,4689
2011-07-04;3,458
2011-07-05;3,4065
2011-07-06;3,4299
2011-07-07;3,5266
2011-07-08;3,3878
2011-07-11;3,3208
2011-07-12;3,2584
2011-07-13;3,154
2011-07-14;3,1088
2011-07-15;3,062
2011-07-18;2,9607
2011-07-19;3,0339
2011-07-20;3,1805
2011-07-21;3,26
2011-07-22;3,2195
2011-07-25;3,1212
2011-07-26;3,154
2011-07-27;3,154
2011-07-28;3,1587
2011-07-29;3,1618
2011-08-01;3,0308
2011-08-02;2,9872
2011-08-03;2,9045
2011-08-04;2,8032
2011-08-05;2,7892
2011-08-08;2,7471
2011-08-09;2,7985
2011-08-10;2,666
2011-08-11;2,7517
2011-08-12;2,9232
2011-08-15;3,1883
2011-08-16;3,352
2011-08-17;3,2241
2011-08-18;3,0308
2011-08-19;3,1727
2011-08-22;3,1493
2011-08-23;3,2163
2011-08-24;3,2382
2011-08-25;3,2085
2011-08-26;3,1727
2011-08-29;3,2709
2011-08-30;3,3722
2011-08-31;3,5079
2011-09-01;3,6887
2011-09-02;3,4642
2011-09-05;3,2896
2011-09-06;3,3691
2011-09-07;3,5032
2011-09-08;3,6045
2011-09-09;3,4299
2011-09-12;3,299
2011-09-13;3,3208
2011-09-14;3,3847
2011-09-15;3,4705
2011-09-16;3,4003
2011-09-19;3,3301
2011-09-20;3,3909
2011-09-21;3,2693
2011-09-22;3,0558
2011-09-23;3,0573
2011-09-26;3,0978
2011-09-27;3,2974
2011-09-28;3,2584
2011-09-29;3,3239
2011-09-30;3,3114
2011-10-03;3,313
2011-10-04;3,101
2011-10-05;3,2288
2011-10-06;3,3816
2011-10-07;3,4299
2011-10-10;3,5281
2011-10-11;3,5094
2011-10-12;3,6248
2011-10-13;3,5157
2011-10-14;3,5422
2011-10-17;3,4284
2011-10-18;3,4299
2011-10-19;3,4923
2011-10-20;3,6856
2011-10-21;3,6685
2011-10-24;3,8088
2011-10-25;3,762
2011-10-26;3,7402
2011-10-27;3,9873
2011-10-28;3,9522
2011-10-31;3,7963
2011-11-01;3,5999
2011-11-02;3,7043
2011-11-03;3,8197
2011-11-04;3,7464
2011-11-07;3,8119
2011-11-08;3,8057
2011-11-09;3,7137
2011-11-10;3,695
2011-11-11;3,8462
2011-11-14;3,7495
2011-11-15;3,7417
2011-11-16;3,8368
2011-11-17;3,8025
2011-11-18;3,7604
2011-11-21;3,578
2011-11-22;3,2631
2011-11-23;3,1883
2011-11-24;3,1883
2011-11-25;3,154
2011-11-28;3,313
2011-11-29;3,2662
2011-11-30;3,3317
2011-12-01;3,2834
2011-12-02;3,26
2011-12-05;3,1742
2011-12-06;3,1742
2011-12-07;3,0698
2011-12-08;2,9404
2011-12-09;3,0027
2011-12-12;2,9045
2011-12-13;3,0012
2011-12-14;2,9981
2011-12-15;2,9513
2011-12-16;2,8422
2011-12-19;2,7814
2011-12-20;2,8422
2011-12-21;2,8562
2011-12-22;2,9435
2011-12-23;2,9279
2011-12-26;2,9279
2011-12-27;2,8765
2011-12-28;2,8453
2011-12-29;2,9295
2011-12-30;2,9404
2012-01-02;3,0433
2012-01-03;3,1181
2012-01-04;3,0292
2012-01-05;3,2428
2012-01-06;3,2428
2012-01-09;3,1524
2012-01-10;3,3114
2012-01-11;3,2397
2012-01-12;3,2226
2012-01-13;3,1914
2012-01-16;3,3317
2012-01-17;3,3457
2012-01-18;3,4346
2012-01-19;3,419
2012-01-20;3,3878
2012-01-23;3,4299
2012-01-24;3,1929
2012-01-25;3,1618
2012-01-26;3,246
2012-01-27;3,0558
2012-01-30;2,931
2012-01-31;2,9762
2012-02-01;3,0526
2012-02-02;2,9622
2012-02-03;3,0246
2012-02-06;2,9731
2012-02-07;3,0277
2012-02-08;3,0292
2012-02-09;2,9762
2012-02-10;2,9419
2012-02-13;2,9357
2012-02-14;2,9965
2012-02-15;3,0651
2012-02-16;3,0713
2012-02-17;3,1805
2012-02-20;3,2584
2012-02-21;3,2881
2012-02-22;3,26
2012-02-23;3,1961
2012-02-24;3,3738
2012-02-27;3,168
2012-02-28;3,1321
2012-02-29;3,0713
2012-03-01;3,0324
2012-03-02;3,0417
2012-03-05;3,0324
2012-03-06;2,9217
2012-03-07;2,9903
2012-03-08;2,9716
2012-03-09;2,9856
2012-03-12;2,9482
2012-03-13;2,9669
2012-03-14;2,9404
2012-03-15;2,9794
2012-03-16;3,1337
2012-03-19;3,1992
2012-03-20;3,1774
2012-03-21;3,1181
2012-03-22;3,0729
2012-03-23;3,0994
2012-03-26;3,1103
2012-03-27;3,115
2012-03-28;3,2241
2012-03-29;3,1181
2012-03-30;3,182
2012-04-02;3,1696
2012-04-03;3,1493
2012-04-04;3,0012
2012-04-05;3,0324
2012-04-06;3,0324
2012-04-09;3,0324
2012-04-10;2,9809
2012-04-11;2,5491
2012-04-12;2,3666
2012-04-13;2,3869
2012-04-16;2,3355
2012-04-17;2,4025
2012-04-18;2,3604
2012-04-19;2,2747
2012-04-20;2,1749
2012-04-23;2,1094
2012-04-24;2,125
2012-04-25;2,2029
2012-04-26;2,1484
2012-04-27;2,1375
2012-04-30;2,1156
2012-05-01;2,1156
2012-05-02;2,1047
2012-05-03;2,0829
2012-05-04;2,0155
2012-05-07;2,0256
2012-05-08;2,0559
2012-05-09;2,0458
2012-05-10;2,0795
2012-05-11;2,1217
2012-05-14;1,9666
2012-05-15;1,9127
2012-05-16;1,884
2012-05-17;1,884
2012-05-18;1,879
2012-05-21;1,9262
2012-05-22;1,9076
2012-05-23;1,7897
2012-05-24;1,7998
2012-05-25;1,8369
2012-05-28;1,8958
2012-05-29;1,9413
2012-05-30;1,8419
2012-05-31;1,7897
2012-06-01;1,7695
2012-06-04;1,7678
2012-06-05;1,8015
2012-06-06;1,8807
2012-06-07;1,879
2012-06-08;1,9919
2012-06-11;1,9043
2012-06-12;1,9076
2012-06-13;1,8739
2012-06-14;1,5403
2012-06-15;1,6262
2012-06-18;1,6565
2012-06-19;1,6785
2012-06-20;1,654
2012-06-21;1,6271
2012-06-22;1,6271
2012-06-25;1,4417
2012-06-26;1,4366
2012-06-27;1,4594
2012-06-28;1,424
2012-06-29;1,365
2012-07-02;1,4046
2012-07-03;1,4198
2012-07-04;1,3844
2012-07-05;1,365
2012-07-06;1,3035
2012-07-09;1,2521
2012-07-10;1,2133
2012-07-11;1,2639
2012-07-12;1,3043
2012-07-13;1,2723
2012-07-16;1,2807
2012-07-17;1,1796
2012-07-18;1,1552
2012-07-19;1,2934
2012-07-20;1,1982
2012-07-23;1,1965
2012-07-24;1,2386
2012-07-25;1,2673
2012-07-26;1,3507
2012-07-27;1,4678
2012-07-30;1,5108
2012-07-31;1,6431
2012-08-01;1,7442
2012-08-02;1,5967
2012-08-03;1,6498
2012-08-06;1,67
2012-08-07;1,8385
2012-08-08;1,8032
2012-08-09;1,9194
2012-08-10;1,9548
2012-08-13;1,8369
2012-08-14;1,6919
2012-08-15;1,7492
2012-08-16;1,8537
2012-08-17;1,8908
2012-08-20;1,8925
2012-08-21;1,9178
2012-08-22;1,9531
2012-08-23;2,0155
2012-08-24;2,0998
2012-08-27;2,2615
2012-08-28;2,0846
2012-08-29;1,9127
2012-08-30;1,884
2012-08-31;1,9043
2012-09-03;1,9936
2012-09-04;1,9262
2012-09-05;1,6768
2012-09-06;1,6279
2012-09-07;1,7324
2012-09-10;1,761
2012-09-11;1,8301
2012-09-12;1,8638
2012-09-13;1,8807
2012-09-14;1,9734
2012-09-17;1,9211
2012-09-18;1,8453
2012-09-19;1,8621
2012-09-20;1,8537
2012-09-21;1,7813
2012-09-24;1,7711
2012-09-25;1,7863
2012-09-26;1,6827
2012-09-27;1,7273
2012-09-28;1,6936
2012-10-01;1,7644
2012-10-02;1,7374
2012-10-03;1,724
2012-10-04;1,702
2012-10-05;1,7172
2012-10-08;1,7172
2012-10-09;1,7593
2012-10-10;1,6936
2012-10-11;1,6599
2012-10-12;1,6473
2012-10-15;1,6801
2012-10-16;1,8284
2012-10-17;1,8537
2012-10-18;1,8723
2012-10-19;1,7728
2012-10-22;1,82
2012-10-23;1,7273
2012-10-24;1,702
2012-10-25;1,7088
2012-10-26;1,6903
2012-10-29;1,6852
2012-10-30;1,7661
2012-10-31;1,7509
2012-11-01;1,8251
2012-11-02;1,8554
2012-11-05;1,8268
2012-11-06;1,8352
2012-11-07;1,7273
2012-11-08;1,7425
2012-11-09;1,761
2012-11-12;1,7964
2012-11-13;1,7897
2012-11-14;1,8166
2012-11-15;1,8099
2012-11-16;1,7779
2012-11-19;1,938
2012-11-20;1,9734
2012-11-21;2,0964
2012-11-22;2,1233
2012-11-23;2,3205
2012-11-26;2,2379
2012-11-27;2,1621
2012-11-28;2,1402
2012-11-29;2,1857
2012-11-30;2,1486
2012-12-03;2,12
2012-12-04;2,1284
2012-12-05;2,334
2012-12-06;2,334
2012-12-07;2,4587
2012-12-10;2,3711
2012-12-11;2,489
2012-12-12;2,4806
2012-12-13;2,4452
2012-12-14;2,4857
2012-12-17;2,5008
2012-12-18;2,698
2012-12-19;2,6643
2012-12-20;2,6693
2012-12-21;2,5733
2012-12-24;2,5733
2012-12-25;2,5733
2012-12-26;2,5733
2012-12-27;2,5379
2012-12-28;2,4654
2012-12-31;2,4654
2013-01-01;2,4654
2013-01-02;2,6323
2013-01-03;2,6963
2013-01-04;2,7165
2013-01-07;2,7637
2013-01-08;2,5918
2013-01-09;2,5278
2013-01-10;2,8008
2013-01-11;2,8615
2013-01-14;2,9019
2013-01-15;2,8918
2013-01-16;2,9272
2013-01-17;2,8817
2013-01-18;2,7907
2013-01-21;2,8412
2013-01-22;2,8817
2013-01-23;2,939
2013-01-24;2,7772
2013-01-25;2,5952
2013-01-28;2,6205
2013-01-29;2,6559
2013-01-30;2,5396
2013-01-31;2,4284
2013-02-01;2,4604
2013-02-04;2,4081
2013-02-05;2,4301
2013-02-06;2,4975
2013-02-07;2,5446
2013-02-08;2,5783
2013-02-11;2,5901
2013-02-12;2,5901
2013-02-13;2,5463
2013-02-14;2,4739
2013-02-15;2,5211
2013-02-18;2,4789
2013-02-19;2,4941
2013-02-20;2,4065
2013-02-21;2,3812
2013-02-22;2,398
2013-02-25;2,4216
2013-02-26;2,2936
2013-02-27;2,4065
2013-02-28;2,3391
2013-03-01;2,2936
2013-03-04;2,2363
2013-03-05;2,2986
2013-03-06;2,3138
2013-03-07;2,3508
2013-03-08;2,3728
2013-03-11;2,3171
2013-03-12;2,3003
2013-03-13;2,2548
2013-03-14;2,2582
2013-03-15;2,1739
2013-03-18;2,1739
2013-03-19;2,1806
2013-03-20;2,1975
2013-03-21;2,2211
2013-03-22;2,1672
2013-03-25;2,0812
2013-03-26;2,1318
2013-03-27;2,1385
2013-03-28;2,1267
2013-03-29;2,1267
2013-04-01;2,1267
2013-04-02;2,1166
2013-04-03;2,1469
2013-04-04;2,1908
2013-04-05;2,157
2013-04-08;2,1149
2013-04-09;2,1267
2013-04-10;2,1958
2013-04-11;2,2396
2013-04-12;2,2059
2013-04-15;2,1773
2013-04-16;2,1891
2013-04-17;2,2194
2013-04-18;2,0357
2013-04-19;1,9481
2013-04-22;2,0155
2013-04-23;2,0323
2013-04-24;2,0677
2013-04-25;2,1419
2013-04-26;2,1099
2013-04-29;2,1318
2013-04-30;2,1436
2013-05-01;2,1436
2013-05-02;2,1014
2013-05-03;2,1351
2013-05-06;2,1924
2013-05-07;2,2834
2013-05-08;2,2902
2013-05-09;2,2902
2013-05-10;2,3761
2013-05-13;2,4789
2013-05-14;2,3508
2013-05-15;2,4604
2013-05-16;2,452
2013-05-17;2,452
2013-05-20;2,4688
2013-05-21;2,4671
2013-05-22;2,4553
2013-05-23;2,3492
2013-05-24;2,3424
2013-05-27;2,3475
2013-05-28;2,3626
2013-05-29;2,3424
2013-05-30;2,2683
2013-05-31;2,2261
2013-06-03;2,2245
2013-06-04;2,2801
2013-06-05;2,2295
2013-06-06;2,2295
2013-06-07;2,2497
2013-06-10;2,2784
2013-06-11;2,2194
2013-06-12;2,1992
2013-06-13;2,216
2013-06-14;2,3205
2013-06-17;2,3559
2013-06-18;2,3256
2013-06-19;2,4048
2013-06-20;2,5278
2013-06-21;2,5278
2013-06-24;2,4267
2013-06-25;2,4368
2013-06-26;2,4722
2013-06-27;2,4924
2013-06-28;2,398
2013-07-01;2,4857
2013-07-02;2,5126
2013-07-03;2,5514
2013-07-04;2,6626
2013-07-05;2,6171
2013-07-08;2,6795
2013-07-09;2,7974
2013-07-10;2,698
2013-07-11;2,6879
2013-07-12;2,6525
2013-07-15;2,6693
2013-07-16;2,5969
2013-07-17;2,6104
2013-07-18;2,5379
2013-07-19;2,5783
2013-07-22;2,5463
2013-07-23;2,5497
2013-07-24;2,5531
2013-07-25;2,5783
2013-07-26;2,5345
2013-07-29;2,5227
2013-07-30;2,5446
2013-07-31;2,4857
2013-08-01;2,5312
2013-08-02;2,5194
2013-08-05;2,5716
2013-08-06;2,607
2013-08-07;2,5868
2013-08-08;2,6053
2013-08-09;2,6323
2013-08-12;2,6356
2013-08-13;2,6508
2013-08-14;2,6508
2013-08-15;2,6222
2013-08-16;2,634
2013-08-19;2,5986
2013-08-20;2,5396
2013-08-21;2,4958
2013-08-22;2,5817
2013-08-23;2,6137
2013-08-26;2,6053
2013-08-27;2,5194
2013-08-28;2,4941
2013-08-29;2,5211
2013-08-30;2,4654
2013-09-02;2,4975
2013-09-03;3,3451
2013-09-04;3,362
2013-09-05;3,5389
2013-09-06;3,4715
2013-09-09;3,5355
2013-09-10;3,5878
2013-09-11;3,7277
2013-09-12;3,945
2013-09-13;4,0023
2013-09-16;3,9939
2013-09-17;4,004
2013-09-18;4,1675
2013-09-19;4,1119
2013-09-20;4,1557
2013-09-23;4,0428
2013-09-24;4,1405
2013-09-25;4,1254
2013-09-26;4,1287
2013-09-27;4,1372
2013-09-30;4,0933
2013-10-01;4,1877
2013-10-02;4,1473
2013-10-03;4,1405
2013-10-04;4,1557
2013-10-07;4,122
2013-10-08;4,1624
2013-10-09;3,9737
2013-10-10;4,1237
2013-10-11;4,1169
2013-10-14;4,1456
2013-10-15;4,3478
2013-10-16;4,3899
2013-10-17;4,4236
2013-10-18;4,4405
2013-10-21;4,4531
2013-10-22;4,4363
2013-10-23;4,5079
2013-10-24;4,3647
2013-10-25;4,293
2013-10-28;4,2096
2013-10-29;4,5037
2013-10-30;4,7101
2013-10-31;4,6933
2013-11-01;4,8197
2013-11-04;4,8702
2013-11-05;4,866
2013-11-06;4,9503
2013-11-07;4,8407
2013-11-08;4,7817
2013-11-11;4,8744
2013-11-12;4,8281
2013-11-13;4,925
2013-11-14;4,984
2013-11-15;4,9966
2013-11-18;5,0556
2013-11-19;4,9039
2013-11-20;4,9882
2013-11-21;4,9966
2013-11-22;5,0345
2013-11-25;5,0261
2013-11-26;5,0135
2013-11-27;5,0177
2013-11-28;5,0556
2013-11-29;5,0219
2013-12-02;4,9629
2013-12-03;4,8154
2013-12-04;4,8744
2013-12-05;4,8239
2013-12-06;4,8239
2013-12-09;4,9798
2013-12-10;4,8618
2013-12-11;4,7902
2013-12-12;4,6975
2013-12-13;4,6385
2013-12-16;4,6343
2013-12-17;4,55
2013-12-18;4,7059
2013-12-19;4,7607
2013-12-20;4,8239
2013-12-23;4,8449
2013-12-24;4,8449
2013-12-25;4,8449
2013-12-26;4,8449
2013-12-27;4,9418
2013-12-30;4,9039
2013-12-31;4,9039
2014-01-01;4,9039
2014-01-02;4,9376
2014-01-03;4,9798
2014-01-06;4,9798
2014-01-07;4,9882
2014-01-08;5,0008
2014-01-09;5,0514
2014-01-10;5,0514
2014-01-13;5,0219
2014-01-14;4,8955
2014-01-15;4,9629
2014-01-16;4,9376
2014-01-17;4,9081
2014-01-20;4,8871
2014-01-21;4,8744
2014-01-22;4,8197
2014-01-23;4,3057
2014-01-24;4,2678
2014-01-27;4,3015
2014-01-28;4,3267
2014-01-29;4,3984
2014-01-30;4,3773
2014-01-31;4,3352
2014-02-03;4,213
2014-02-04;4,2298
2014-02-05;4,2172
2014-02-06;4,352
2014-02-07;4,4152
2014-02-10;4,5374
2014-02-11;4,529
2014-02-12;4,4489
2014-02-13;4,4447
2014-02-14;4,3857
2014-02-17;4,3984
2014-02-18;4,5037
2014-02-19;4,4658
2014-02-20;4,4658
2014-02-21;4,5585
2014-02-24;4,6554
2014-02-25;4,7228
2014-02-26;4,7312
2014-02-27;4,7143
2014-02-28;4,7059
2014-03-03;4,6006
2014-03-04;4,7143
2014-03-05;4,7817
2014-03-06;4,7691
2014-03-07;4,7649
2014-03-10;4,7902
2014-03-11;4,7733
2014-03-12;4,6427
2014-03-13;4,5753
2014-03-14;4,5795
2014-03-17;4,5922
2014-03-18;4,6259
2014-03-19;4,5795
2014-03-20;4,5795
2014-03-21;4,4405
2014-03-24;4,3647
2014-03-25;4,4321
2014-03-26;4,5037
2014-03-27;4,4531
2014-03-28;4,5247
2014-03-31;4,5416
2014-04-01;4,6174
2014-04-02;4,6764
2014-04-03;4,7143
2014-04-04;4,6638
2014-04-07;4,4826
2014-04-08;4,7059
2014-04-09;4,6722
2014-04-10;4,6806
2014-04-11;4,5627
2014-04-14;4,4868
2014-04-15;4,3647
2014-04-16;4,4278
2014-04-17;4,4784
2014-04-18;4,4784
2014-04-21;4,4784
2014-04-22;4,5837
2014-04-23;4,4826
2014-04-24;4,4489
2014-04-25;4,4278
2014-04-28;4,331
2014-04-29;4,4573
2014-04-30;4,5458
2014-05-01;4,5458
2014-05-02;4,491
2014-05-05;4,4405
2014-05-06;4,4026
2014-05-07;4,411
2014-05-08;4,5037
2014-05-09;4,4405
2014-05-12;4,5542
2014-05-13;4,5669
2014-05-14;4,5416
2014-05-15;4,4658
2014-05-16;4,4489
2014-05-19;4,4573
2014-05-20;4,4995
2014-05-21;4,668
2014-05-22;4,7944
2014-05-23;4,8702
2014-05-26;4,8786
2014-05-27;4,8871
2014-05-28;4,8871
2014-05-29;4,8871
2014-05-30;4,9924
2014-06-02;5,005
2014-06-03;4,9334
2014-06-04;4,8955
2014-06-05;4,9376
2014-06-06;4,9208
2014-06-09;4,8871
2014-06-10;4,9798
2014-06-11;4,9924
2014-06-12;5,0303
2014-06-13;5,0008
2014-06-16;4,9545
2014-06-17;4,9629
2014-06-18;5,1068
2014-06-19;5,1517
2014-06-20;5,1517
2014-06-23;5,2146
2014-06-24;5,1068
2014-06-25;5,0843
2014-06-26;5,0483
2014-06-27;5,0168
2014-06-30;4,9719
2014-07-01;5,0258
2014-07-02;5,0303
2014-07-03;5,1247
2014-07-04;5,0483
2014-07-07;5,0123
2014-07-08;4,8325
2014-07-09;4,909
2014-07-10;4,9584
2014-07-11;4,9224
2014-07-14;4,9674
2014-07-15;4,9045
2014-07-16;4,9854
2014-07-17;4,9449
2014-07-18;5,0528
2014-07-21;5,0798
2014-07-22;5,1247
2014-07-23;5,1427
2014-07-24;5,5158
2014-07-25;5,4934
2014-07-28;5,4394
2014-07-29;5,5023
2014-07-30;5,4754
2014-07-31;5,3315
2014-08-01;5,2551
2014-08-04;5,2596
2014-08-05;5,363
2014-08-06;5,2326
2014-08-07;5,2416
2014-08-08;5,1337
2014-08-11;5,2236
2014-08-12;5,2012
2014-08-13;5,2191
2014-08-14;5,2551
2014-08-15;5,2101
2014-08-18;5,2731
2014-08-19;5,3495
2014-08-20;5,5653
2014-08-21;5,6417
2014-08-22;5,5923
2014-08-25;5,6372
2014-08-26;5,6462
2014-08-27;5,5923
2014-08-28;5,5428
2014-08-29;5,7496
2014-09-01;5,6687
2014-09-02;5,7496
2014-09-03;5,808
2014-09-04;5,844
2014-09-05;5,7901
2014-09-08;5,8889
2014-09-09;5,808
2014-09-10;5,817
2014-09-11;5,8665
2014-09-12;5,8755
2014-09-15;6,0148
2014-09-16;5,8979
2014-09-17;5,9699
2014-09-18;6,0328
2014-09-19;6,1272
2014-09-22;6,0688
2014-09-23;5,9789
2014-09-24;6,0822
2014-09-25;6,0957
2014-09-26;6,0957
2014-09-29;6,0733
2014-09-30;6,0733
2014-10-01;5,9429
2014-10-02;5,844
2014-10-03;5,9744
2014-10-06;6,1362
2014-10-07;5,8934
2014-10-08;5,7586
2014-10-09;5,808
2014-10-10;5,7001
2014-10-13;5,7496
2014-10-14;5,7136
2014-10-15;5,4169
2014-10-16;5,5113
2014-10-17;5,6597
2014-10-20;5,5563
2014-10-21;5,7901
2014-10-22;5,853
2014-10-23;6,0598
2014-10-24;5,9609
2014-10-27;5,9339
2014-10-28;5,9744
2014-10-29;5,9024
2014-10-30;5,9204
2014-10-31;5,9878
2014-11-03;6,0688
2014-11-04;5,8485
2014-11-05;5,9429
2014-11-06;5,9654
2014-11-07;5,7811
2014-11-10;5,8934
2014-11-11;5,9204
2014-11-12;5,844
2014-11-13;5,9744
2014-11-14;5,6462
2014-11-17;5,5833
2014-11-18;5,7676
2014-11-19;5,5698
2014-11-20;5,6417
2014-11-21;5,8755
2014-11-24;5,9024
2014-11-25;5,8889
2014-11-26;5,9249
2014-11-27;6,0148
2014-11-28;6,0148
2014-12-01;6,0193
2014-12-02;6,0912
2014-12-03;6,0103
2014-12-04;5,9069
2014-12-05;6,1137
2014-12-08;6,1272
2014-12-09;5,853
2014-12-10;5,9294
2014-12-11;5,8845
2014-12-12;5,7361
2014-12-15;5,5653
2014-12-16;5,6507
2014-12-17;5,6867
2014-12-18;5,88
2014-12-19;5,817
2014-12-22;5,8485
2014-12-23;5,9744
2014-12-24;5,9744
2014-12-25;5,9744
2014-12-26;5,9744
2014-12-29;5,9744
2014-12-30;5,8979
2014-12-31;5,8979
2015-01-01;5,8979
2015-01-02;5,9744
2015-01-05;5,7586
2015-01-06;5,7586
2015-01-07;5,7226
2015-01-08;5,844
2015-01-09;5,7271
2015-01-12;5,7631
2015-01-13;5,8035
2015-01-14;5,8665
2015-01-15;5,8035
2015-01-16;5,8575
2015-01-19;5,9519
2015-01-20;5,9384
2015-01-21;6,0103
2015-01-22;6,2261
2015-01-23;6,3744
2015-01-26;6,3834
2015-01-27;6,3565
2015-01-28;6,4284
2015-01-29;6,1811
2015-01-30;6,1542
2015-02-02;6,0373
2015-02-03;6,1452
2015-02-04;6,1452
2015-02-05;6,1856
2015-02-06;6,1542
2015-02-09;6,0013
2015-02-10;6,1946
2015-02-11;6,2441
2015-02-12;6,28
2015-02-13;6,3475
2015-02-16;6,3385
2015-02-17;6,3475
2015-02-18;6,3834
2015-02-19;6,4059
2015-02-20;6,3969
2015-02-23;6,361
2015-02-24;6,3655
2015-02-25;6,4059
2015-02-26;6,4464
2015-02-27;6,4599
2015-03-02;6,5183
2015-03-03;6,4778
2015-03-04;6,5273
2015-03-05;6,5857
2015-03-06;6,5812
2015-03-09;6,5138
2015-03-10;6,4374
2015-03-11;6,6082
2015-03-12;6,5318
2015-03-13;6,5588
2015-03-16;6,6082
2015-03-17;6,5228
2015-03-18;6,5453
2015-03-19;6,5857
2015-03-20;6,5633
2015-03-23;6,4868
2015-03-24;6,5947
2015-03-25;6,4868
2015-03-26;6,3205
2015-03-27;6,361
2015-03-30;6,4149
2015-03-31;6,3924
2015-04-01;6,3115
2015-04-02;6,3565
2015-04-03;6,3565
2015-04-06;6,3565
2015-04-07;6,4284
2015-04-08;6,4104
2015-04-09;6,4554
2015-04-10;6,815
2015-04-13;6,9858
2015-04-14;6,7341
2015-04-15;6,6352
2015-04-16;6,5363
2015-04-17;6,4284
2015-04-20;6,3834
2015-04-21;6,5992
2015-04-22;6,7521
2015-04-23;6,5678
2015-04-24;6,4284
2015-04-27;6,3834
2015-04-28;6,28
2015-04-29;6,0867
2015-04-30;5,4349
2015-05-01;5,4349
2015-05-04;5,2911
2015-05-05;5,2146
2015-05-06;5,2653
2015-05-07;5,4864
2015-05-08;5,7122
2015-05-11;5,7536
2015-05-12;5,6523
2015-05-13;5,6384
2015-05-14;5,6384
2015-05-15;5,574
2015-05-18;5,6062
2015-05-19;5,8227
2015-05-20;5,9379
2015-05-21;6,136
2015-05-22;6,0669
2015-05-25;6,0116
2015-05-26;6,0346
2015-05-27;6,2511
2015-05-28;6,2235
2015-05-29;6,1221
2015-06-01;6,1452
2015-06-02;6,1037
2015-06-03;6,0669
2015-06-04;6,0991
2015-06-05;5,9379
2015-06-08;5,8688
2015-06-09;5,8596
2015-06-10;5,9241
2015-06-11;5,9333
2015-06-12;5,8688
2015-06-15;5,7306
2015-06-16;5,8642
2015-06-17;5,8273
2015-06-18;5,8503
2015-06-19;5,8503
2015-06-22;5,9885
2015-06-23;6,0669
2015-06-24;6,0024
2015-06-25;5,9287
2015-06-26;5,9885
2015-06-29;5,6937
2015-06-30;5,6108
2015-07-01;5,7582
2015-07-02;5,6062
2015-07-03;5,5693
2015-07-06;5,4726
2015-07-07;5,293
2015-07-08;5,3298
2015-07-09;5,4726
2015-07-10;5,5555
2015-07-13;5,6661
2015-07-14;5,6384
2015-07-15;5,6753
2015-07-16;5,6753
2015-07-17;5,8227
2015-07-20;5,8319
2015-07-21;5,7168
2015-07-22;5,6799
2015-07-23;5,6753
2015-07-24;5,7122
2015-07-27;5,5786
2015-07-28;5,5187
2015-07-29;5,5049
2015-07-30;5,9194
2015-07-31;5,9241
2015-08-03;5,8872
2015-08-04;5,8457
2015-08-05;5,8457
2015-08-06;5,8043
2015-08-07;5,7029
2015-08-10;5,7674
2015-08-11;5,5693
2015-08-12;5,4404
2015-08-13;5,5509
2015-08-14;5,4864
2015-08-17;5,4818
2015-08-18;5,5555
2015-08-19;5,3897
2015-08-20;5,21
2015-08-21;5,0764
2015-08-24;4,7033
2015-08-25;5,1041
2015-08-26;5,0258
2015-08-27;5,2146
2015-08-28;5,2285
2015-08-31;5,1409
2015-09-01;5,0396
2015-09-02;5,1133
2015-09-03;5,2699
2015-09-04;5,164
2015-09-07;5,1225
2015-09-08;5,2515
2015-09-09;5,4219
2015-09-10;5,3713
2015-09-11;5,3114
2015-09-14;5,4173
2015-09-15;5,4127
2015-09-16;5,5187
2015-09-17;5,5002
2015-09-18;5,3759
2015-09-21;5,5002
2015-09-22;5,3851
2015-09-23;5,5233
2015-09-24;5,3897
2015-09-25;5,4726
2015-09-28;5,3621
2015-09-29;5,4265
2015-09-30;5,6246
2015-10-01;5,5187
2015-10-02;5,6062
2015-10-05;5,7168
2015-10-06;5,7536
2015-10-07;5,7122
2015-10-08;5,7122
2015-10-09;5,6569
2015-10-12;5,6569
2015-10-13;5,5509
2015-10-14;5,5509
2015-10-15;5,7029
2015-10-16;5,6799
2015-10-19;5,7122
2015-10-20;5,6338
2015-10-21;5,6845
2015-10-22;5,8227
2015-10-23;5,7352
2015-10-26;5,6062
2015-10-27;5,4818
2015-10-28;5,597
2015-10-29;6,182
2015-10-30;6,2373
2015-11-02;6,2373
2015-11-03;6,3386
2015-11-04;6,4492
2015-11-05;6,3893
2015-11-06;6,4262
2015-11-09;6,3617
2015-11-10;6,2281
2015-11-11;6,3386
2015-11-12;6,2972
2015-11-13;6,1452
2015-11-16;6,1958
2015-11-17;6,2972
2015-11-18;6,3018
2015-11-19;6,2972
2015-11-20;6,4077
2015-11-23;6,4216
2015-11-24;6,2834
2015-11-25;6,3248
2015-11-26;6,3156
2015-11-27;6,2788
2015-11-30;6,2972
2015-12-01;6,417
2015-12-02;6,5091
2015-12-03;6,3156
2015-12-04;6,2649
2015-12-07;6,2834
2015-12-08;6,1267
2015-12-09;5,9563
2015-12-10;5,9194
2015-12-11;5,8181
2015-12-14;5,7444
2015-12-15;5,8918
2015-12-16;5,9425
2015-12-17;5,9839
2015-12-18;5,8596
2015-12-21;6,007
2015-12-22;6,0623
2015-12-23;6,0853
2015-12-24;6,0853
2015-12-25;6,0853
2015-12-28;5,9655
2015-12-29;6,1037
2015-12-30;6,0761
2015-12-31;6,0761
2016-01-01;6,0761
2016-01-04;6,0623
2016-01-05;6,1544
2016-01-06;6,1544
2016-01-07;6,0991
2016-01-08;6,2465
2016-01-11;6,3479
2016-01-12;6,3525
2016-01-13;6,334
2016-01-14;6,2511
2016-01-15;6,0761
2016-01-18;5,9839
2016-01-19;6,1129
2016-01-20;5,9609
2016-01-21;6,0254
2016-01-22;6,1774
2016-01-25;6,1221
2016-01-26;6,1912
2016-01-27;6,1406
2016-01-28;5,9747
2016-01-29;6,0807
2016-02-01;5,3943
2016-02-02;5,3344
2016-02-03;5,3114
2016-02-04;5,1962
2016-02-05;5,0073
2016-02-08;4,8093
2016-02-09;4,8323
2016-02-10;4,883
2016-02-11;4,7816
2016-02-12;4,8139
2016-02-15;4,8507
2016-02-16;4,883
2016-02-17;5,0672
2016-02-18;5,1501
2016-02-19;4,9751
2016-02-22;5,187
2016-02-23;5,1179
2016-02-24;5,058
2016-02-25;5,1778
2016-02-26;5,1594
2016-02-29;5,164
2016-03-01;5,2146
2016-03-02;5,2377
2016-03-03;5,0995
2016-03-04;5,164
2016-03-07;5,1594
2016-03-08;4,9705
2016-03-09;4,9659
2016-03-10;4,9429
2016-03-11;4,9613
2016-03-14;5,0304
2016-03-15;5,0396
2016-03-16;5,0166
2016-03-17;4,9843
2016-03-18;5,0212
2016-03-21;4,9705
2016-03-22;5,012
2016-03-23;4,9014
2016-03-24;4,7862
2016-03-25;4,7862
2016-03-28;4,7862
2016-03-29;4,8093
2016-03-30;4,9152
2016-03-31;4,8139
2016-04-01;4,7125
2016-04-04;4,7079
2016-04-05;4,6849
2016-04-06;4,7263
2016-04-07;4,6665
2016-04-08;4,8784
2016-04-11;4,8093
2016-04-12;4,754
2016-04-13;4,9429
2016-04-14;5,0903
2016-04-15;5,0212
2016-04-18;5,0212
2016-04-19;5,1041
2016-04-20;5,0212
2016-04-21;4,9429
2016-04-22;4,9567
2016-04-25;4,8231
2016-04-26;4,8369
2016-04-27;4,8507
2016-04-28;4,8645
2016-04-29;4,7448
2016-05-02;4,7678
2016-05-03;4,6895
2016-05-04;4,6342
2016-05-05;4,6342
2016-05-06;4,5568
2016-05-09;4,6158
2016-05-10;4,2841
2016-05-11;4,2749
2016-05-12;4,1938
2016-05-13;4,2675
2016-05-16;4,2325
2016-05-17;4,1809
2016-05-18;4,3025
2016-05-19;4,2454
2016-05-20;4,2823
2016-05-23;4,3154
2016-05-24;4,426
2016-05-25;4,6342
2016-05-26;4,625
2016-05-27;4,6619
2016-05-30;4,7125
2016-05-31;4,7356
2016-06-01;4,6711
2016-06-02;4,6711
2016-06-03;4,6296
2016-06-06;4,6158
2016-06-07;4,6434
2016-06-08;4,6388
2016-06-09;4,6296
2016-06-10;4,5918
2016-06-13;4,6619
2016-06-14;4,555
2016-06-15;4,6526
2016-06-16;4,6757
2016-06-17;4,7174
2016-06-20;4,7971
2016-06-21;4,8068
2016-06-22;4,8242
2016-06-23;4,8893
2016-06-24;4,8893
2016-06-27;4,4281
2016-06-28;4,6805
2016-06-29;4,8301
2016-06-30;4,9573
2016-07-01;4,933
2016-07-04;4,834
2016-07-05;4,6708
2016-07-06;4,6339
2016-07-07;4,6533
2016-07-08;4,7971
2016-07-11;4,8893
2016-07-12;4,9184
2016-07-13;5,1563
2016-07-14;5,1903
2016-07-15;5,1855
2016-07-18;5,1466
2016-07-19;5,0301
2016-07-20;5,1272
2016-07-21;5,1369
2016-07-22;5,1418
2016-07-25;5,1321
2016-07-26;5,0884
2016-07-27;5,1127
2016-07-28;5,0107
2016-07-29;4,9913
2016-08-01;4,9136
2016-08-02;4,8359
2016-08-03;4,8165
2016-08-04;4,7563
2016-08-05;4,7738
2016-08-08;4,7971
2016-08-09;4,9136
2016-08-10;4,9233
2016-08-11;4,9427
2016-08-12;4,9767
2016-08-15;4,9718
2016-08-16;4,9379
2016-08-17;4,8553
2016-08-18;4,8845
2016-08-19;4,8747
2016-08-22;4,799
2016-08-23;4,865
2016-08-24;4,9621
2016-08-25;4,8893
2016-08-26;4,9233
2016-08-29;4,9184
2016-08-30;4,9913
2016-08-31;4,8942
2016-09-01;4,8747
2016-09-02;4,9961
2016-09-05;4,9524
2016-09-06;4,9427
2016-09-07;5,0398
2016-09-08;4,9816
2016-09-09;4,9476
2016-09-12;4,8145
2016-09-13;4,7873
2016-09-14;4,733
2016-09-15;4,7466
2016-09-16;4,6999
2016-09-19;4,7718
2016-09-20;4,7446
2016-09-21;4,7854
2016-09-22;4,9476
2016-09-23;4,8893
2016-09-26;4,834
2016-09-27;4,9087
2016-09-28;4,933
2016-09-29;4,9767
2016-09-30;5,0107
2016-10-03;4,9767
2016-10-04;5,035
2016-10-05;4,9621
2016-10-06;4,7873
2016-10-07;4,733
2016-10-10;4,8184
2016-10-11;4,731
2016-10-12;4,4883
2016-10-13;4,3096
2016-10-14;4,3853
2016-10-17;4,3776
2016-10-18;4,4242
2016-10-19;4,3795
2016-10-20;4,4106
2016-10-21;4,3698
2016-10-24;4,4164
2016-10-25;4,3989
2016-10-26;4,5446
2016-10-27;4,1989
2016-10-28;4,0299
2016-10-31;3,9503
2016-11-01;3,8571
2016-11-02;3,8648
2016-11-03;3,8221
2016-11-04;3,7464
2016-11-07;3,8745
2016-11-08;3,8571
2016-11-09;3,8959
2016-11-10;3,9717
2016-11-11;3,892
2016-11-14;3,8474
2016-11-15;3,6998
2016-11-16;3,7308
2016-11-17;3,7638
2016-11-18;3,7969
2016-11-21;3,7697
2016-11-22;3,793
2016-11-23;3,8085
2016-11-24;3,9192
2016-11-25;3,9658
2016-11-28;3,8843
2016-11-29;3,9037
2016-11-30;3,9425
2016-12-01;3,8862
2016-12-02;3,824
2016-12-05;4,0008
2016-12-06;4,0008
2016-12-07;4,1775
2016-12-08;4,1697
2016-12-09;4,2047
2016-12-12;4,2183
2016-12-13;4,3076
2016-12-14;4,3348
2016-12-15;4,3931
2016-12-16;4,5193
2016-12-19;4,5446
2016-12-20;4,5485
2016-12-21;4,5912
2016-12-22;4,3659
2016-12-23;4,5232
2016-12-26;4,5232
2016-12-27;4,5504
2016-12-28;4,4902
2016-12-29;4,465
2016-12-30;4,4552
2017-01-02;4,498
2017-01-03;4,4378
2017-01-04;4,4475
2017-01-05;4,4436
2017-01-06;4,4436
2017-01-09;4,4436
2017-01-10;4,4358
2017-01-11;4,3834
2017-01-12;4,2746
2017-01-13;4,3678
2017-01-16;4,3212
2017-01-17;4,296
2017-01-18;4,2921
2017-01-19;4,296
2017-01-20;4,3251
2017-01-23;4,1833
2017-01-24;4,1892
2017-01-25;4,1348
2017-01-26;4,2649
2017-01-27;4,2008
2017-01-30;4,0882
2017-01-31;4,0299
2017-02-01;4,0862
2017-02-02;4,3212
2017-02-03;4,3057
2017-02-06;4,2707
2017-02-07;4,3776
2017-02-08;4,4145
2017-02-09;4,4494
2017-02-10;4,4261
2017-02-13;4,5077
2017-02-14;4,5252
2017-02-15;4,5465
2017-02-16;4,5776
2017-02-17;4,5621
2017-02-20;4,5854
2017-02-21;4,6261
2017-02-22;4,6397
2017-02-23;4,663
2017-02-24;4,6766
2017-02-27;4,7038
2017-02-28;4,698
2017-03-01;4,7873
2017-03-02;4,7971
2017-03-03;4,834
2017-03-06;4,8009
2017-03-07;4,7699
2017-03-08;4,7446
2017-03-09;4,8068
2017-03-10;4,8456
2017-03-13;4,8534
2017-03-14;4,834
2017-03-15;4,8456
2017-03-16;4,9039
2017-03-17;4,9281
2017-03-20;4,9913
2017-03-21;4,8699
2017-03-22;4,8242
2017-03-23;4,8437
2017-03-24;4,8145
2017-03-27;4,8699
2017-03-28;4,8281
2017-03-29;4,8301
2017-03-30;4,8495
2017-03-31;4,8845
2017-04-03;4,8107
2017-04-04;4,8184
2017-04-05;4,7446
2017-04-06;4,8029
2017-04-07;4,8087
2017-04-10;4,865
2017-04-11;4,7893
2017-04-12;4,834
2017-04-13;4,8048
2017-04-14;4,8048
2017-04-17;4,8048
2017-04-18;4,7252
2017-04-19;4,7097
2017-04-20;4,7621
2017-04-21;4,6922
2017-04-24;4,799
2017-04-25;4,832
2017-04-26;4,8301
2017-04-27;5,0398
2017-04-28;5,0981
2017-05-01;5,0981
2017-05-02;5,2146
2017-05-03;5,2292
2017-05-04;5,3311
2017-05-05;5,4282
2017-05-08;5,438
2017-05-09;5,5108
2017-05-10;5,4719
2017-05-11;5,438
2017-05-12;5,4768
2017-05-15;5,5108
2017-05-16;5,5059
2017-05-17;5,3797
2017-05-18;5,3603
2017-05-19;5,404
2017-05-22;5,3603
2017-05-23;5,705
2017-05-24;5,725
2017-05-25;5,725
2017-05-26;5,735
2017-05-29;5,695
2017-05-30;5,66
2017-05-31;5,645
2017-06-01;5,795
2017-06-02;5,83
2017-06-05;5,805
2017-06-06;5,755
2017-06-07;5,815
2017-06-08;5,8
2017-06-09;5,81
2017-06-12;5,68
2017-06-13;5,735
2017-06-14;5,695
2017-06-15;5,69
2017-06-16;5,72
2017-06-19;5,795
2017-06-20;5,785
2017-06-21;5,745
2017-06-22;5,76
2017-06-23;5,76
2017-06-26;5,7
2017-06-27;5,59
2017-06-28;5,57
2017-06-29;5,41
2017-06-30;5,355
2017-07-03;5,46
2017-07-04;5,41
2017-07-05;5,475
2017-07-06;5,42
2017-07-07;5,475
2017-07-10;5,485
2017-07-11;5,41
2017-07-12;5,56
2017-07-13;5,525
2017-07-14;5,495
2017-07-17;5,51
2017-07-18;5,315
2017-07-19;5,42
2017-07-20;5,4
2017-07-21;5,325
2017-07-24;5,325
2017-07-25;5,28
2017-07-26;5,32
2017-07-27;5,485
2017-07-28;5,39
2017-07-31;5,38
2017-08-01;5,52
2017-08-02;5,5
2017-08-03;5,515
2017-08-04;5,56
2017-08-07;5,525
2017-08-08;5,53
2017-08-09;5,425
2017-08-10;5,36
2017-08-11;5,28
2017-08-14;5,375
2017-08-15;5,395
2017-08-16;5,425
2017-08-17;5,37
2017-08-18;5,26
2017-08-21;5,225
2017-08-22;5,28
2017-08-23;5,275
2017-08-24;5,23
2017-08-25;5,23
2017-08-28;5,2
2017-08-29;5,14
2017-08-30;5,16
2017-08-31;5,205
2017-09-01;5,235
2017-09-04;5,19
2017-09-05;5,155
2017-09-06;5,16
2017-09-07;5,17
2017-09-08;4,996
2017-09-11;5,095
2017-09-12;5,1
2017-09-13;5,08
2017-09-14;5,075
2017-09-15;5,2
2017-09-18;5,24
2017-09-19;5,215
2017-09-20;5,17
2017-09-21;5,12
2017-09-22;5,05
2017-09-25;5,05
2017-09-26;5,05
2017-09-27;5,005
2017-09-28;5,03
2017-09-29;5,08
2017-10-02;5,09
2017-10-03;5,115
2017-10-04;5,055
2017-10-05;5,085
2017-10-06;5,055
2017-10-09;5,09
2017-10-10;5,02
2017-10-11;4,986
2017-10-12;4,942
2017-10-13;5,005
2017-10-16;4,988
2017-10-17;4,998
2017-10-18;4,986
2017-10-19;4,968
2017-10-20;5,16
2017-10-23;5,175
2017-10-24;5,11
2017-10-25;5,1
2017-10-26;4,206
2017-10-27;4,222
2017-10-30;4,174
2017-10-31;4,216
2017-11-01;4,292
2017-11-02;4,348
2017-11-03;4,322
2017-11-06;4,43
2017-11-07;4,358
2017-11-08;4,352
2017-11-09;4,268
2017-11-10;4,204
2017-11-13;4,18
2017-11-14;4,102
2017-11-15;4,108
2017-11-16;4,158
2017-11-17;4,178
2017-11-20;4,28
2017-11-21;4,286
2017-11-22;4,268
2017-11-23;4,236
2017-11-24;4,26
2017-11-27;4,202
2017-11-28;4,212
2017-11-29;4,21
2017-11-30;4,216
2017-12-01;4,132
2017-12-04;4,014
2017-12-05;4,022
2017-12-06;4,022
2017-12-07;3,92
2017-12-08;3,934
2017-12-11;3,9
2017-12-12;3,87
2017-12-13;3,954
2017-12-14;3,912
2017-12-15;3,92
2017-12-18;3,984
2017-12-19;3,954
2017-12-20;3,874
2017-12-21;4,028
2017-12-22;4,034
2017-12-25;4,034
2017-12-26;4,034
2017-12-27;3,998
2017-12-28;3,938
2017-12-29;3,894
2018-01-01;3,894
2018-01-02;3,909
2018-01-03;3,993
2018-01-04;4,039
2018-01-05;4,062
2018-01-08;4,072
2018-01-09;4,107
2018-01-10;4,028
2018-01-11;3,998
2018-01-12;3,997
2018-01-15;4,025
2018-01-16;4,044
2018-01-17;4,046
2018-01-18;3,964
2018-01-19;3,974
2018-01-22;3,979
2018-01-23;4,013
2018-01-24;3,97
2018-01-25;3,896
2018-01-26;3,875
2018-01-29;3,995
2018-01-30;3,98
2018-01-31;3,877
2018-02-01;4,331
2018-02-02;4,4
2018-02-05;4,419
2018-02-06;4,397
2018-02-07;4,529
2018-02-08;4,434
2018-02-09;4,381
2018-02-12;4,465
2018-02-13;4,457
2018-02-14;4,523
2018-02-15;4,571
2018-02-16;4,658
2018-02-19;4,627
2018-02-20;4,662
2018-02-21;4,688
2018-02-22;4,677
2018-02-23;4,685
2018-02-26;4,793
2018-02-27;4,835
2018-02-28;4,803
2018-03-01;4,75
2018-03-02;4,65
2018-03-05;4,753
2018-03-06;4,706
2018-03-07;4,753
2018-03-08;4,79
2018-03-09;4,792
2018-03-12;4,815
2018-03-13;4,756
2018-03-14;4,708
2018-03-15;4,711
2018-03-16;4,678
2018-03-19;4,662
2018-03-20;4,68
2018-03-21;4,663
2018-03-22;4,513
