2011-01-04;13,4369
2011-01-05;13,3104
2011-01-06;13,2562
2011-01-07;13,1623
2011-01-10;13,1009
2011-01-11;13,3213
2011-01-12;13,2598
2011-01-13;12,9672
2011-01-14;12,9238
2011-01-17;12,7902
2011-01-18;12,913
2011-01-19;12,9202
2011-01-20;12,754
2011-01-21;12,8154
2011-01-24;12,6095
2011-01-25;12,7902
2011-01-26;12,8769
2011-01-27;12,8227
2011-01-28;12,7287
2011-01-31;12,7179
2011-02-01;12,8154
2011-02-02;13,0142
2011-02-03;13,2309
2011-02-04;13,4188
2011-02-07;13,4694
2011-02-08;13,5128
2011-02-09;13,5597
2011-02-10;13,455
2011-02-11;13,3827
2011-02-14;13,4947
2011-02-15;13,4766
2011-02-16;13,4911
2011-02-17;13,585
2011-02-18;13,3068
2011-02-21;13,0864
2011-02-22;13,2418
2011-02-23;13,2129
2011-02-24;13,2093
2011-02-25;13,3393
2011-02-28;13,4802
2011-03-01;13,5995
2011-03-02;13,5742
2011-03-03;13,6717
2011-03-04;13,6573
2011-03-07;13,6898
2011-03-08;13,3863
2011-03-09;13,3682
2011-03-10;13,3538
2011-03-11;13,0503
2011-03-14;13,0069
2011-03-15;13,1623
2011-03-16;13,0069
2011-03-17;13,1912
2011-03-18;13,1189
2011-03-21;13,1804
2011-03-22;13,2093
2011-03-23;12,9491
2011-03-24;12,9238
2011-03-25;13,1406
2011-03-28;13,0936
2011-03-29;13,0684
2011-03-30;13,1009
2011-03-31;13,1334
2011-04-01;13,3032
2011-04-04;13,4152
2011-04-05;13,2815
2011-04-06;13,3791
2011-04-07;13,3177
2011-04-08;13,2888
2011-04-11;13,2165
2011-04-12;13,184
2011-04-13;13,1153
2011-04-14;13,0792
2011-04-15;13,0684
2011-04-18;12,8985
2011-04-19;12,9383
2011-04-20;13,169
2011-04-21;13,1652
2011-04-22;13,1652
2011-04-25;13,1652
2011-04-26;13,2484
2011-04-27;13,3278
2011-04-28;13,3808
2011-04-29;13,411
2011-05-02;13,5018
2011-05-03;13,5623
2011-05-04;13,619
2011-05-05;13,5245
2011-05-06;13,6077
2011-05-09;13,6153
2011-05-10;13,6569
2011-05-11;13,7287
2011-05-12;13,8195
2011-05-13;13,7968
2011-05-16;13,7968
2011-05-17;13,759
2011-05-18;13,8044
2011-05-19;13,9216
2011-05-20;13,9632
2011-05-23;13,9935
2011-05-24;14,0086
2011-05-25;13,9935
2011-05-26;13,9632
2011-05-27;13,8951
2011-05-30;13,88
2011-05-31;14,141
2011-06-01;14,0275
2011-06-02;14,0653
2011-06-03;14,0805
2011-06-06;14,228
2011-06-07;14,5154
2011-06-08;14,2658
2011-06-09;14,4549
2011-06-10;14,2128
2011-06-13;14,3225
2011-06-14;14,436
2011-06-15;14,3755
2011-06-16;14,2733
2011-06-17;14,0615
2011-06-20;14,0918
2011-06-21;14,3338
2011-06-22;14,3868
2011-06-23;14,2128
2011-06-24;14,349
2011-06-27;14,4322
2011-06-28;14,3679
2011-06-29;14,5343
2011-06-30;14,6402
2011-07-01;14,6402
2011-07-04;14,591
2011-07-05;14,5456
2011-07-06;14,4246
2011-07-07;14,5948
2011-07-08;14,5986
2011-07-11;14,3376
2011-07-12;14,4322
2011-07-13;14,4397
2011-07-14;14,4397
2011-07-15;14,2658
2011-07-18;14,1183
2011-07-19;14,3149
2011-07-20;14,2658
2011-07-21;14,557
2011-07-22;14,5608
2011-07-25;14,3679
2011-07-26;14,296
2011-07-27;14,0464
2011-07-28;14,1183
2011-07-29;14,2469
2011-08-01;14,2355
2011-08-02;14,0653
2011-08-03;13,7628
2011-08-04;13,6607
2011-08-05;13,5812
2011-08-08;13,1198
2011-08-09;13,0139
2011-08-10;12,9534
2011-08-11;13,0139
2011-08-12;13,5094
2011-08-15;13,6001
2011-08-16;13,5434
2011-08-17;13,6153
2011-08-18;13,3543
2011-08-19;13,2522
2011-08-22;13,2598
2011-08-23;13,4299
2011-08-24;13,6796
2011-08-25;13,5358
2011-08-26;13,5623
2011-08-29;13,6342
2011-08-30;13,9292
2011-08-31;14,3906
2011-09-01;14,436
2011-09-02;14,3603
2011-09-05;13,8157
2011-09-06;13,5321
2011-09-07;14,0842
2011-09-08;14,1561
2011-09-09;13,88
2011-09-12;13,4148
2011-09-13;13,1955
2011-09-14;13,4791
2011-09-15;13,5169
2011-09-16;13,5207
2011-09-19;13,4337
2011-09-20;13,5358
2011-09-21;13,5018
2011-09-22;13,2976
2011-09-23;13,1123
2011-09-26;13,082
2011-09-27;13,1009
2011-09-28;13,2976
2011-09-29;13,4829
2011-09-30;13,8195
2011-10-03;13,4942
2011-10-04;13,638
2011-10-05;13,585
2011-10-06;13,7249
2011-10-07;13,6153
2011-10-10;13,6607
2011-10-11;13,5737
2011-10-12;13,6909
2011-10-13;13,6153
2011-10-14;13,8422
2011-10-17;13,5888
2011-10-18;13,8649
2011-10-19;13,7817
2011-10-20;13,7892
2011-10-21;14,0994
2011-10-24;14,0767
2011-10-25;14,0237
2011-10-26;14,1296
2011-10-27;14,0956
2011-10-28;14,1258
2011-10-31;13,9935
2011-11-01;13,8876
2011-11-02;14,0653
2011-11-03;14,349
2011-11-04;14,3755
2011-11-07;14,3641
2011-11-08;14,1674
2011-11-09;13,9897
2011-11-10;13,7174
2011-11-11;13,8951
2011-11-14;13,3354
2011-11-15;13,551
2011-11-16;13,5699
2011-11-17;13,2673
2011-11-18;13,2484
2011-11-21;13,0177
2011-11-22;13,1766
2011-11-23;13,0366
2011-11-24;12,9458
2011-11-25;13,1387
2011-11-28;13,3808
2011-11-29;13,4375
2011-11-30;13,8384
2011-12-01;13,6115
2011-12-02;13,4867
2011-12-05;13,6947
2011-12-06;13,7968
2011-12-07;13,8573
2011-12-08;13,7703
2011-12-09;13,7363
2011-12-12;13,551
2011-12-13;13,4829
2011-12-14;13,4905
2011-12-15;13,3959
2011-12-16;13,5888
2011-12-19;13,6569
2011-12-20;13,7287
2011-12-21;13,7023
2011-12-22;13,6985
2011-12-23;13,7741
2011-12-26;13,7741
2011-12-27;13,8271
2011-12-28;13,9367
2011-12-29;13,9859
2011-12-30;14,0275
2012-01-02;14,2053
2012-01-03;14,1788
2012-01-04;14,0691
2012-01-05;13,7363
2012-01-06;13,8422
2012-01-09;13,7779
2012-01-10;13,7703
2012-01-11;13,7855
2012-01-12;13,7665
2012-01-13;13,411
2012-01-16;13,6001
2012-01-17;13,7665
2012-01-18;13,7401
2012-01-19;13,7855
2012-01-20;13,6833
2012-01-23;13,7136
2012-01-24;13,7249
2012-01-25;13,7249
2012-01-26;13,8195
2012-01-27;13,6342
2012-01-30;13,5699
2012-01-31;13,6531
2012-02-01;13,7741
2012-02-02;13,7968
2012-02-03;13,7249
2012-02-06;13,6833
2012-02-07;13,7287
2012-02-08;13,7212
2012-02-09;13,638
2012-02-10;13,6455
2012-02-13;13,6796
2012-02-14;13,7855
2012-02-15;13,8914
2012-02-16;14,054
2012-02-17;13,5396
2012-02-20;13,464
2012-02-21;13,5207
2012-02-22;13,4299
2012-02-23;13,6531
2012-02-24;13,5056
2012-02-27;13,3732
2012-02-28;13,4299
2012-02-29;13,6947
2012-03-01;13,7779
2012-03-02;13,8951
2012-03-05;13,8119
2012-03-06;13,585
2012-03-07;13,6153
2012-03-08;13,6871
2012-03-09;13,8195
2012-03-12;13,8611
2012-03-13;14,0086
2012-03-14;13,9443
2012-03-15;13,9103
2012-03-16;14,1788
2012-03-19;14,1221
2012-03-20;14,296
2012-03-21;14,1901
2012-03-22;14,0918
2012-03-23;13,9973
2012-03-26;14,228
2012-03-27;14,2204
2012-03-28;14,1296
2012-03-29;14,001
2012-03-30;14,0729
2012-04-02;14,1599
2012-04-03;14,0615
2012-04-04;13,8119
2012-04-05;13,7892
2012-04-06;13,7892
2012-04-09;13,7892
2012-04-10;13,8724
2012-04-11;13,933
2012-04-12;14,0653
2012-04-13;14,088
2012-04-16;14,2733
2012-04-17;14,5456
2012-04-18;14,3376
2012-04-19;14,4133
2012-04-20;14,1357
2012-04-23;14,1159
2012-04-24;14,0366
2012-04-25;14,1436
2012-04-26;14,1793
2012-04-27;14,1793
2012-04-30;14,3459
2012-05-01;14,3459
2012-05-02;14,5838
2012-05-03;14,8296
2012-05-04;14,8138
2012-05-07;14,9208
2012-05-08;14,9367
2012-05-09;14,9882
2012-05-10;14,7781
2012-05-11;14,5362
2012-05-14;14,671
2012-05-15;14,5521
2012-05-16;14,5719
2012-05-17;14,671
2012-05-18;14,6591
2012-05-21;14,8256
2012-05-22;14,7979
2012-05-23;14,2824
2012-05-24;14,2467
2012-05-25;14,2388
2012-05-28;14,326
2012-05-29;14,3934
2012-05-30;14,2705
2012-05-31;14,334
2012-06-01;13,993
2012-06-04;14,0723
2012-06-05;14,0524
2012-06-06;14,3181
2012-06-07;14,4053
2012-06-08;14,3816
2012-06-11;14,3895
2012-06-12;14,3379
2012-06-13;14,1793
2012-06-14;14,1159
2012-06-15;14,1238
2012-06-18;14,2983
2012-06-19;14,4291
2012-06-20;14,3736
2012-06-21;14,0762
2012-06-22;14,1912
2012-06-25;14,1952
2012-06-26;14,1595
2012-06-27;14,4014
2012-06-28;14,4767
2012-06-29;14,782
2012-07-02;14,9961
2012-07-03;15,0556
2012-07-04;15,0199
2012-07-05;15,2777
2012-07-06;15,0755
2012-07-09;14,9803
2012-07-10;15,0437
2012-07-11;15,0913
2012-07-12;14,9486
2012-07-13;15,2222
2012-07-16;15,2261
2012-07-17;15,1627
2012-07-18;15,3728
2012-07-19;15,69
2012-07-20;15,809
2012-07-23;15,4799
2012-07-24;15,2697
2012-07-25;15,4759
2012-07-26;15,7535
2012-07-27;15,7138
2012-07-30;15,4839
2012-07-31;15,5195
2012-08-01;15,4839
2012-08-02;15,5037
2012-08-03;15,8605
2012-08-06;15,9161
2012-08-07;16,0192
2012-08-08;15,9993
2012-08-09;16,1778
2012-08-10;16,2809
2012-08-13;16,2769
2012-08-14;16,3958
2012-08-15;16,4831
2012-08-16;17,0144
2012-08-17;16,8042
2012-08-20;16,717
2012-08-21;16,7725
2012-08-22;16,7963
2012-08-23;16,7924
2012-08-24;16,9708
2012-08-27;16,7805
2012-08-28;16,6377
2012-08-29;16,5267
2012-08-30;16,4117
2012-08-31;16,2253
2012-09-03;16,4831
2012-09-04;16,5862
2012-09-05;16,491
2012-09-06;16,6972
2012-09-07;16,4632
2012-09-10;16,4077
2012-09-11;16,4117
2012-09-12;16,4474
2012-09-13;16,2848
2012-09-14;16,4553
2012-09-17;16,4553
2012-09-18;16,4791
2012-09-19;16,5426
2012-09-20;16,6536
2012-09-21;16,8915
2012-09-24;16,7527
2012-09-25;16,8439
2012-09-26;16,7329
2012-09-27;16,5822
2012-09-28;16,7844
2012-10-01;16,7844
2012-10-02;17,0263
2012-10-03;16,9232
2012-10-04;17,1334
2012-10-05;17,2801
2012-10-08;17,0263
2012-10-09;16,8637
2012-10-10;16,721
2012-10-11;16,6139
2012-10-12;16,6615
2012-10-15;16,7725
2012-10-16;16,7765
2012-10-17;16,6575
2012-10-18;16,6813
2012-10-19;16,6377
2012-10-22;16,6496
2012-10-23;16,5148
2012-10-24;16,7012
2012-10-25;16,6298
2012-10-26;16,7686
2012-10-29;16,8558
2012-10-30;16,9034
2012-10-31;16,9311
2012-11-01;17,1096
2012-11-02;17,3316
2012-11-05;17,1254
2012-11-06;17,2563
2012-11-07;17,2563
2012-11-08;16,9708
2012-11-09;17,2642
2012-11-12;17,1056
2012-11-13;17,1849
2012-11-14;17,2801
2012-11-15;17,0104
2012-11-16;16,717
2012-11-19;16,8439
2012-11-20;16,8201
2012-11-21;16,7765
2012-11-22;16,9232
2012-11-23;16,8875
2012-11-26;16,8122
2012-11-27;16,8082
2012-11-28;16,8518
2012-11-29;17,173
2012-11-30;17,2483
2012-12-03;17,3911
2012-12-04;17,407
2012-12-05;17,4506
2012-12-06;17,399
2012-12-07;17,3514
2012-12-10;17,3395
2012-12-11;17,4268
2012-12-12;17,3197
2012-12-13;17,2642
2012-12-14;17,1968
2012-12-17;17,1453
2012-12-18;17,2721
2012-12-19;17,3118
2012-12-20;17,288
2012-12-21;17,2483
2012-12-24;17,2325
2012-12-25;17,2325
2012-12-26;17,2325
2012-12-27;17,2087
2012-12-28;17,0739
2012-12-31;17,2127
2013-01-01;17,2127
2013-01-02;17,3276
2013-01-03;17,4228
2013-01-04;17,4426
2013-01-07;17,288
2013-01-08;17,2523
2013-01-09;17,3118
2013-01-10;17,2087
2013-01-11;17,2127
2013-01-14;17,062
2013-01-15;17,0422
2013-01-16;17,0541
2013-01-17;17,2246
2013-01-18;17,1413
2013-01-21;17,0104
2013-01-22;17,2127
2013-01-23;17,1294
2013-01-24;17,2285
2013-01-25;17,1968
2013-01-28;17,1254
2013-01-29;17,1334
2013-01-30;17,4466
2013-01-31;17,8788
2013-02-01;18,2158
2013-02-04;18,2238
2013-02-05;18,192
2013-02-06;18,089
2013-02-07;17,8748
2013-02-08;18,0374
2013-02-11;18,1207
2013-02-12;18,1326
2013-02-13;18,2396
2013-02-14;18,1722
2013-02-15;18,2753
2013-02-18;18,1603
2013-02-19;18,5767
2013-02-20;18,7511
2013-02-21;18,7908
2013-02-22;18,8741
2013-02-25;18,2396
2013-02-26;18,196
2013-02-27;18,4775
2013-02-28;18,6996
2013-03-01;18,6877
2013-03-04;18,6798
2013-03-05;18,9216
2013-03-06;19,1992
2013-03-07;19,2269
2013-03-08;19,1913
2013-03-11;19,2785
2013-03-12;19,2428
2013-03-13;19,1278
2013-03-14;19,1635
2013-03-15;19,1754
2013-03-18;19,0882
2013-03-19;19,2785
2013-03-20;19,1476
2013-03-21;19,0327
2013-03-22;19,2032
2013-03-25;19,2944
2013-03-26;19,1873
2013-03-27;19,2309
2013-03-28;19,3895
2013-03-29;19,3895
2013-04-01;19,3895
2013-04-02;19,7226
2013-04-03;19,79
2013-04-04;19,5798
2013-04-05;19,2388
2013-04-08;19,4212
2013-04-09;19,2151
2013-04-10;19,3895
2013-04-11;19,4292
2013-04-12;19,449
2013-04-15;19,6354
2013-04-16;19,5719
2013-04-17;19,1992
2013-04-18;19,4252
2013-04-19;19,1032
2013-04-22;19,0867
2013-04-23;19,2766
2013-04-24;19,3468
2013-04-25;19,3344
2013-04-26;19,3344
2013-04-29;19,5449
2013-04-30;19,578
2013-05-01;19,578
2013-05-02;19,5284
2013-05-03;19,2642
2013-05-06;19,4417
2013-05-07;19,4211
2013-05-08;18,7233
2013-05-09;19,0412
2013-05-10;19,2229
2013-05-13;19,0536
2013-05-14;18,9133
2013-05-15;18,7275
2013-05-16;18,8266
2013-05-17;19,0041
2013-05-20;19,9826
2013-05-21;20,3005
2013-05-22;19,8133
2013-05-23;19,5243
2013-05-24;19,322
2013-05-27;19,4252
2013-05-28;19,322
2013-05-29;18,905
2013-05-30;19,0743
2013-05-31;18,8637
2013-06-03;18,9504
2013-06-04;18,9091
2013-06-05;18,6366
2013-06-06;18,4385
2013-06-07;18,5375
2013-06-10;18,4839
2013-06-11;18,4756
2013-06-12;18,2196
2013-06-13;18,3352
2013-06-14;18,2733
2013-06-17;18,5128
2013-06-18;18,6449
2013-06-19;18,8596
2013-06-20;18,6408
2013-06-21;17,8068
2013-06-24;17,2535
2013-06-25;17,3485
2013-06-26;17,815
2013-06-27;18,2073
2013-06-28;18,166
2013-07-01;18,7068
2013-07-02;18,2609
2013-07-03;18,1536
2013-07-04;18,4261
2013-07-05;18,327
2013-07-08;18,5995
2013-07-09;18,9958
2013-07-10;18,7729
2013-07-11;18,711
2013-07-12;18,6201
2013-07-15;18,6532
2013-07-16;17,8357
2013-07-17;17,5013
2013-07-18;17,6458
2013-07-19;17,7242
2013-07-22;17,3609
2013-07-23;17,46
2013-07-24;17,7985
2013-07-25;17,4435
2013-07-26;17,7118
2013-07-29;18,2485
2013-07-30;18,4921
2013-07-31;18,2485
2013-08-01;18,104
2013-08-02;17,8935
2013-08-05;17,9967
2013-08-06;17,9843
2013-08-07;17,7944
2013-08-08;17,716
2013-08-09;17,8935
2013-08-12;17,9967
2013-08-13;17,9183
2013-08-14;17,9761
2013-08-15;17,8192
2013-08-16;17,8687
2013-08-19;17,7861
2013-08-20;17,7407
2013-08-21;17,6293
2013-08-22;17,9472
2013-08-23;18,0999
2013-08-26;18,1288
2013-08-27;17,9306
2013-08-28;17,8357
2013-08-29;17,9926
2013-08-30;18,3559
2013-09-02;18,3724
2013-09-03;18,3229
2013-09-04;18,166
2013-09-05;18,4715
2013-09-06;18,166
2013-09-09;17,8852
2013-09-10;17,5467
2013-09-11;17,8274
2013-09-12;17,6664
2013-09-13;17,7242
2013-09-16;17,8398
2013-09-17;17,7903
2013-09-18;17,8935
2013-09-19;17,6705
2013-09-20;17,8976
2013-09-23;17,8563
2013-09-24;17,9472
2013-09-25;17,782
2013-09-26;17,6375
2013-09-27;17,4765
2013-09-30;17,4641
2013-10-01;17,6004
2013-10-02;17,46
2013-10-03;17,4228
2013-10-04;17,4063
2013-10-07;17,3568
2013-10-08;17,3733
2013-10-09;17,4517
2013-10-10;17,7118
2013-10-11;17,6705
2013-10-14;17,5054
2013-10-15;17,4311
2013-10-16;17,2494
2013-10-17;17,2577
2013-10-18;17,4517
2013-10-21;17,5756
2013-10-22;17,6045
2013-10-23;17,4352
2013-10-24;17,4847
2013-10-25;17,4682
2013-10-28;17,4847
2013-10-29;17,815
2013-10-30;17,6871
2013-10-31;17,7036
2013-11-01;17,8728
2013-11-04;17,8109
2013-11-05;17,8563
2013-11-06;17,9183
2013-11-07;17,8398
2013-11-08;18,521
2013-11-11;18,81
2013-11-12;18,2527
2013-11-13;17,8728
2013-11-14;18,1618
2013-11-15;18,0297
2013-11-18;17,9678
2013-11-19;17,8728
2013-11-20;17,6416
2013-11-21;17,6375
2013-11-22;17,782
2013-11-25;17,9472
2013-11-26;17,7118
2013-11-27;17,7201
2013-11-28;17,7283
2013-11-29;18,005
2013-12-02;17,9719
2013-12-03;17,8728
2013-12-04;18,0297
2013-12-05;17,8852
2013-12-06;18,0545
2013-12-09;18,1288
2013-12-10;18,2073
2013-12-11;18,166
2013-12-12;18,232
2013-12-13;18,166
2013-12-16;18,3972
2013-12-17;18,6614
2013-12-18;18,6903
2013-12-19;18,872
2013-12-20;19,0743
2013-12-23;19,227
2013-12-24;19,4087
2013-12-25;19,4087
2013-12-26;19,4087
2013-12-27;19,355
2013-12-30;19,388
2013-12-31;19,4293
2014-01-01;19,4293
2014-01-02;19,4417
2014-01-03;19,3426
2014-01-06;19,516
2014-01-07;19,9454
2014-01-08;20,0197
2014-01-09;19,6523
2014-01-10;19,4087
2014-01-13;19,3798
2014-01-14;19,2972
2014-01-15;19,4913
2014-01-16;19,5697
2014-01-17;20,0404
2014-01-20;19,8174
2014-01-21;19,8794
2014-01-22;19,9165
2014-01-23;20,0899
2014-01-24;19,8587
2014-01-27;19,9495
2014-01-28;19,7596
2014-01-29;19,7927
2014-01-30;19,6853
2014-01-31;19,6647
2014-02-03;20,0693
2014-02-04;19,9
2014-02-05;19,9413
2014-02-06;20,3748
2014-02-07;20,6803
2014-02-10;20,5275
2014-02-11;20,8
2014-02-12;20,8413
2014-02-13;20,8207
2014-02-14;20,5895
2014-02-17;20,6886
2014-02-18;20,8
2014-02-19;20,862
2014-02-20;20,7051
2014-02-21;20,445
2014-02-24;20,6514
2014-02-25;20,6555
2014-02-26;20,4615
2014-02-27;20,5977
2014-02-28;20,8496
2014-03-03;20,5399
2014-03-04;20,5069
2014-03-05;20,6225
2014-03-06;20,8331
2014-03-07;20,8248
2014-03-10;20,6968
2014-03-11;20,6266
2014-03-12;20,7051
2014-03-13;20,7175
2014-03-14;20,6844
2014-03-17;20,8083
2014-03-18;21,056
2014-03-19;21,7207
2014-03-20;21,8405
2014-03-21;22,2946
2014-03-24;22,2987
2014-03-25;22,3772
2014-03-26;22,4639
2014-03-27;22,7199
2014-03-28;22,5175
2014-03-31;22,3813
2014-04-01;22,2698
2014-04-02;22,2285
2014-04-03;22,2946
2014-04-04;22,2946
2014-04-07;22,3152
2014-04-08;22,1418
2014-04-09;22,4474
2014-04-10;22,0469
2014-04-11;22,2327
2014-04-14;22,0221
2014-04-15;22,084
2014-04-16;22,5423
2014-04-17;22,2974
2014-04-18;22,2974
2014-04-21;22,2974
2014-04-22;22,6197
2014-04-23;22,9935
2014-04-24;23,2685
2014-04-25;23,247
2014-04-28;23,3759
2014-04-29;23,2943
2014-04-30;23,3287
2014-05-01;23,3287
2014-05-02;23,5736
2014-05-05;23,4146
2014-05-06;23,3244
2014-05-07;23,3802
2014-05-08;23,2041
2014-05-09;23,2857
2014-05-12;23,3931
2014-05-13;23,449
2014-05-14;23,3588
2014-05-15;23,2728
2014-05-16;22,9978
2014-05-19;22,9634
2014-05-20;22,9505
2014-05-21;22,5552
2014-05-22;22,6497
2014-05-23;22,3962
2014-05-26;22,6154
2014-05-27;22,6884
2014-05-28;22,6497
2014-05-29;22,856
2014-05-30;22,9033
2014-06-02;22,7958
2014-06-03;22,5079
2014-06-04;22,4994
2014-06-05;22,7099
2014-06-06;23,0795
2014-06-09;23,0752
2014-06-10;23,2298
2014-06-11;23,1783
2014-06-12;23,0451
2014-06-13;22,9892
2014-06-16;22,8818
2014-06-17;22,9162
2014-06-18;22,9291
2014-06-19;22,8904
2014-06-20;23,0107
2014-06-23;22,8431
2014-06-24;23,3373
2014-06-25;23,0666
2014-06-26;23,2685
2014-06-27;23,5049
2014-06-30;23,8057
2014-07-01;23,8057
2014-07-02;23,8057
2014-07-03;23,9475
2014-07-04;24,1279
2014-07-07;23,8185
2014-07-08;23,7842
2014-07-09;23,724
2014-07-10;23,6209
2014-07-11;23,7541
2014-07-14;23,9002
2014-07-15;23,4619
2014-07-16;23,4619
2014-07-17;23,5478
2014-07-18;23,8572
2014-07-21;23,7412
2014-07-22;23,8142
2014-07-23;23,9646
2014-07-24;24,0893
2014-07-25;23,6424
2014-07-28;23,5478
2014-07-29;23,7498
2014-07-30;23,7025
2014-07-31;23,5908
2014-08-01;23,1611
2014-08-04;23,0279
2014-08-05;23,217
2014-08-06;22,9849
2014-08-07;22,8302
2014-08-08;22,5982
2014-08-11;22,8431
2014-08-12;23,0709
2014-08-13;22,9935
2014-08-14;23,2384
2014-08-15;22,9849
2014-08-18;23,1396
2014-08-19;23,4705
2014-08-20;23,3974
2014-08-21;23,4189
2014-08-22;23,3759
2014-08-25;23,5779
2014-08-26;23,7885
2014-08-27;23,9088
2014-08-28;24,0162
2014-08-29;24,201
2014-09-01;24,274
2014-09-02;24,2483
2014-09-03;24,4846
2014-09-04;24,4287
2014-09-05;24,2096
2014-09-08;24,201
2014-09-09;24,3643
2014-09-10;24,2397
2014-09-11;24,0248
2014-09-12;23,9518
2014-09-15;24,0205
2014-09-16;23,9174
2014-09-17;24,0076
2014-09-18;24,1494
2014-09-19;24,0205
2014-09-22;23,8959
2014-09-23;23,7111
2014-09-24;23,767
2014-09-25;23,6681
2014-09-26;23,8014
2014-09-29;23,6553
2014-09-30;23,5263
2014-10-01;23,681
2014-10-02;23,6381
2014-10-03;23,7326
2014-10-06;23,6467
2014-10-07;23,5951
2014-10-08;23,4705
2014-10-09;23,1783
2014-10-10;23,131
2014-10-13;22,697
2014-10-14;22,7958
2014-10-15;22,3962
2014-10-16;22,19
2014-10-17;22,9462
2014-10-20;22,9205
2014-10-21;23,3545
2014-10-22;23,4404
2014-10-23;23,6467
2014-10-24;23,7885
2014-10-27;23,7713
2014-10-28;24,0076
2014-10-29;24,1795
2014-10-30;24,4502
2014-10-31;23,6767
2014-11-03;23,2041
2014-11-04;23,0752
2014-11-05;23,3502
2014-11-06;23,4361
2014-11-07;23,3974
2014-11-10;23,4533
2014-11-11;23,5564
2014-11-12;23,5779
2014-11-13;23,681
2014-11-14;24,0377
2014-11-17;24,0678
2014-11-18;24,4502
2014-11-19;24,3858
2014-11-20;24,2912
2014-11-21;24,5533
2014-11-24;24,9745
2014-11-25;25,3569
2014-11-26;25,1463
2014-11-27;25,4213
2014-11-28;25,7135
2014-12-01;25,4901
2014-12-02;25,6964
2014-12-03;25,821
2014-12-04;25,6104
2014-12-05;25,7823
2014-12-08;25,9628
2014-12-09;25,4471
2014-12-10;25,3053
2014-12-11;25,3096
2014-12-12;24,9401
2014-12-15;24,8842
2014-12-16;25,2667
2014-12-17;25,1721
2014-12-18;25,387
2014-12-19;25,8983
2014-12-22;26,1218
2014-12-23;26,3753
2014-12-24;25,9241
2014-12-25;25,9241
2014-12-26;25,9241
2014-12-29;26,5042
2014-12-30;26,01
2014-12-31;25,5374
2015-01-01;25,5374
2015-01-02;26,1218
2015-01-05;25,98
2015-01-06;25,9714
2015-01-07;25,9628
2015-01-08;27,1659
2015-01-09;27,239
2015-01-12;27,2304
2015-01-13;27,2046
2015-01-14;27,1101
2015-01-15;26,9812
2015-01-16;26,8652
2015-01-19;26,8308
2015-01-20;26,6417
2015-01-21;26,5644
2015-01-22;26,8823
2015-01-23;27,716
2015-01-26;27,9996
2015-01-27;27,8793
2015-01-28;27,6773
2015-01-29;27,7117
2015-01-30;27,7546
2015-02-02;27,673
2015-02-03;28,1285
2015-02-04;28,266
2015-02-05;28,5066
2015-02-06;28,7172
2015-02-09;28,3777
2015-02-10;28,4637
2015-02-11;28,1027
2015-02-12;27,9308
2015-02-13;27,6988
2015-02-16;27,673
2015-02-17;27,5785
2015-02-18;27,6042
2015-02-19;27,8449
2015-02-20;26,5515
2015-02-23;26,6288
2015-02-24;26,6073
2015-02-25;26,5558
2015-02-26;26,4612
2015-02-27;26,4698
2015-03-02;26,5558
2015-03-03;26,8566
2015-03-04;26,8995
2015-03-05;27,4066
2015-03-06;27,1316
2015-03-09;27,0585
2015-03-10;27,2863
2015-03-11;27,5269
2015-03-12;27,7933
2015-03-13;28,2316
2015-03-16;28,8762
2015-03-17;28,584
2015-03-18;28,9449
2015-03-19;28,9621
2015-03-20;28,8246
2015-03-23;29,0524
2015-03-24;29,6668
2015-03-25;29,1383
2015-03-26;28,8934
2015-03-27;29,25
2015-03-30;29,1211
2015-03-31;28,2918
2015-04-01;28,4551
2015-04-02;28,6957
2015-04-03;28,6957
2015-04-06;28,6957
2015-04-07;29,1426
2015-04-08;29,2457
2015-04-09;30,0063
2015-04-10;29,8215
2015-04-13;29,6969
2015-04-14;29,8903
2015-04-15;29,6496
2015-04-16;29,611
2015-04-17;29,2543
2015-04-20;28,8003
2015-04-21;28,8804
2015-04-22;28,7202
2015-04-23;28,5421
2015-04-24;28,3551
2015-04-27;28,6
2015-04-28;28,3908
2015-04-29;28,0836
2015-04-30;27,821
2015-05-01;27,821
2015-05-04;28,1771
2015-05-05;27,3046
2015-05-06;27,0197
2015-05-07;27,0375
2015-05-08;27,4916
2015-05-11;27,3269
2015-05-12;26,8061
2015-05-13;27,4604
2015-05-14;27,5049
2015-05-15;27,7542
2015-05-18;28,0836
2015-05-19;28,3863
2015-05-20;28,8893
2015-05-21;28,7736
2015-05-22;28,8804
2015-05-25;28,7112
2015-05-26;28,8136
2015-05-27;29,1653
2015-05-28;29,1831
2015-05-29;28,7023
2015-06-01;28,502
2015-06-02;28,7558
2015-06-03;28,5911
2015-06-04;28,5688
2015-06-05;28,0836
2015-06-08;27,9323
2015-06-09;27,9367
2015-06-10;27,9412
2015-06-11;27,7498
2015-06-12;27,7453
2015-06-15;27,7008
2015-06-16;27,9056
2015-06-17;27,6652
2015-06-18;27,7943
2015-06-19;27,7498
2015-06-22;28,3284
2015-06-23;28,7157
2015-06-24;28,7112
2015-06-25;28,5243
2015-06-26;28,2572
2015-06-29;27,7097
2015-06-30;26,8283
2015-07-01;27,091
2015-07-02;26,4544
2015-07-03;26,5212
2015-07-06;26,1784
2015-07-07;25,7867
2015-07-08;26,0137
2015-07-09;26,1295
2015-07-10;26,5746
2015-07-13;26,9752
2015-07-14;27,2779
2015-07-15;27,7364
2015-07-16;28,0613
2015-07-17;27,9011
2015-07-20;28,1237
2015-07-21;27,7943
2015-07-22;27,6073
2015-07-23;27,7186
2015-07-24;25,9024
2015-07-27;24,9142
2015-07-28;24,3044
2015-07-29;24,665
2015-07-30;24,9454
2015-07-31;25,0745
2015-08-03;24,8831
2015-08-04;25,484
2015-08-05;25,6265
2015-08-06;25,3549
2015-08-07;25,1368
2015-08-10;25,2303
2015-08-11;25,2169
2015-08-12;24,6872
2015-08-13;25,0433
2015-08-14;24,9276
2015-08-17;24,9721
2015-08-18;25,0878
2015-08-19;24,9677
2015-08-20;24,5804
2015-08-21;23,6812
2015-08-24;23,1827
2015-08-25;23,8059
2015-08-26;23,2316
2015-08-27;23,4364
2015-08-28;23,5788
2015-08-31;23,5699
2015-09-01;23,2316
2015-09-02;23,2361
2015-09-03;23,7658
2015-09-04;23,5254
2015-09-07;23,4364
2015-09-08;23,5788
2015-09-09;24,1397
2015-09-10;23,9795
2015-09-11;23,7791
2015-09-14;23,8504
2015-09-15;23,8281
2015-09-16;24,113
2015-09-17;24,0685
2015-09-18;23,8593
2015-09-21;24,0596
2015-09-22;24,0017
2015-09-23;24,0373
2015-09-24;23,8682
2015-09-25;25,0433
2015-09-28;24,8653
2015-09-29;24,1219
2015-09-30;25,0789
2015-10-01;24,5715
2015-10-02;24,5003
2015-10-05;25,0834
2015-10-06;25,2837
2015-10-07;25,1902
2015-10-08;25,3327
2015-10-09;25,6309
2015-10-12;25,6443
2015-10-13;25,4083
2015-10-14;25,395
2015-10-15;25,6131
2015-10-16;25,5285
2015-10-19;25,5419
2015-10-20;24,4825
2015-10-21;24,3756
2015-10-22;24,8119
2015-10-23;25,5953
2015-10-26;25,5241
2015-10-27;24,7317
2015-10-28;24,6828
2015-10-29;24,8341
2015-10-30;23,9349
2015-11-02;23,8593
2015-11-03;24,1887
2015-11-04;24,0329
2015-11-05;23,7435
2015-11-06;23,788
2015-11-09;23,0536
2015-11-10;23,3073
2015-11-11;23,9038
2015-11-12;23,6323
2015-11-13;23,5299
2015-11-16;23,2005
2015-11-17;23,7791
2015-11-18;24,0774
2015-11-19;24,2421
2015-11-20;24,1041
2015-11-23;23,9483
2015-11-24;23,3474
2015-11-25;23,9527
2015-11-26;23,9839
2015-11-27;23,6857
2015-11-30;23,3874
2015-12-01;23,6278
2015-12-02;24,3089
2015-12-03;23,8326
2015-12-04;23,8771
2015-12-07;23,8815
2015-12-08;23,8415
2015-12-09;22,88
2015-12-10;22,0654
2015-12-11;21,7271
2015-12-14;21,3086
2015-12-15;21,7716
2015-12-16;21,7048
2015-12-17;22,3013
2015-12-18;22,3458
2015-12-21;22,653
2015-12-22;22,2612
2015-12-23;22,5684
2015-12-24;22,5595
2015-12-25;22,5595
2015-12-28;22,6084
2015-12-29;23,0002
2015-12-30;23,0803
2015-12-31;22,7687
2016-01-01;22,7687
2016-01-04;22,4393
2016-01-05;22,6886
2016-01-06;22,5639
2016-01-07;22,3013
2016-01-08;22,1722
2016-01-11;22,0876
2016-01-12;22,0031
2016-01-13;22,2167
2016-01-14;22,1811
2016-01-15;21,6425
2016-01-18;21,2997
2016-01-19;21,549
2016-01-20;20,454
2016-01-21;20,6765
2016-01-22;21,2463
2016-01-25;21,2463
2016-01-26;20,7834
2016-01-27;21,3532
2016-01-28;21,046
2016-01-29;21,4244
2016-02-01;21,7315
2016-02-02;21,322
2016-02-03;20,9748
2016-02-04;21,0683
2016-02-05;20,908
2016-02-08;20,3026
2016-02-09;19,9643
2016-02-10;20,1468
2016-02-11;19,7952
2016-02-12;19,6794
2016-02-15;20,2047
2016-02-16;20,316
2016-02-17;20,77
2016-02-18;20,6765
2016-02-19;20,5163
2016-02-22;20,8234
2016-02-23;20,8769
2016-02-24;20,592
2016-02-25;21,4555
2016-02-26;21,4422
2016-02-29;21,5535
2016-03-01;22,2167
2016-03-02;22,2879
2016-03-03;22,4972
2016-03-04;22,4348
2016-03-07;22,4793
2016-03-08;22,3458
2016-03-09;22,328
2016-03-10;22,141
2016-03-11;22,7642
2016-03-14;22,9645
2016-03-15;22,8132
2016-03-16;22,7865
2016-03-17;23,0625
2016-03-18;23,2183
2016-03-21;23,058
2016-03-22;22,8755
2016-03-23;22,8488
2016-03-24;22,4393
2016-03-25;22,4393
2016-03-28;22,4393
2016-03-29;22,6752
2016-03-30;23,018
2016-03-31;22,9111
2016-04-01;22,5684
2016-04-04;22,969
2016-04-05;22,6619
2016-04-06;22,4393
2016-04-07;22,515
2016-04-08;22,9913
2016-04-11;22,969
2016-04-12;23,0491
2016-04-13;23,2405
2016-04-14;22,9779
2016-04-15;23,0135
2016-04-18;22,6975
2016-04-19;23,0803
2016-04-20;23,2361
2016-04-21;22,9512
2016-04-22;22,2568
2016-04-25;22,1817
2016-04-26;22,0455
2016-04-27;21,9281
2016-04-28;21,9328
2016-04-29;22,3742
2016-05-02;22,4681
2016-05-03;22,285
2016-05-04;22,393
2016-05-05;22,6794
2016-05-06;22,5526
2016-05-09;22,7263
2016-05-10;22,9564
2016-05-11;22,6935
2016-05-12;22,4399
2016-05-13;20,6321
2016-05-16;20,7073
2016-05-17;20,8012
2016-05-18;20,7777
2016-05-19;20,449
2016-05-20;20,6979
2016-05-23;20,5523
2016-05-24;20,4255
2016-05-25;20,51
2016-05-26;20,8716
2016-05-27;18,7257
2016-05-30;19,153
2016-05-31;18,9042
2016-06-01;18,5426
2016-06-02;18,491
2016-06-03;18,2327
2016-06-06;17,6693
2016-06-07;18,1106
2016-06-08;17,8571
2016-06-09;17,7773
2016-06-10;17,4298
2016-06-13;17,3828
2016-06-14;17,2842
2016-06-15;17,9369
2016-06-16;17,9604
2016-06-17;18,1858
2016-06-20;18,1435
2016-06-21;18,1247
2016-06-22;18,1998
2016-06-23;18,228
2016-06-24;17,7679
2016-06-27;17,1574
2016-06-28;17,8383
2016-06-29;18,12
2016-06-30;18,228
2016-07-01;18,3689
2016-07-04;18,3032
2016-07-05;18,2092
2016-07-06;17,8899
2016-07-07;17,8899
2016-07-08;17,8289
2016-07-11;17,843
2016-07-12;18,5004
2016-07-13;18,4534
2016-07-14;18,4205
2016-07-15;18,5285
2016-07-18;18,6037
2016-07-19;18,6131
2016-07-20;18,4957
2016-07-21;18,5098
2016-07-22;18,4816
2016-07-25;18,5004
2016-07-26;18,5332
2016-07-27;18,8619
2016-07-28;18,5051
2016-07-29;18,4018
2016-08-01;18,2703
2016-08-02;18,2139
2016-08-03;18,2092
2016-08-04;18,4158
2016-08-05;18,3313
2016-08-08;18,552
2016-08-09;18,7492
2016-08-10;18,876
2016-08-11;18,9324
2016-08-12;19,0873
2016-08-15;19,2751
2016-08-16;19,2047
2016-08-17;19,2329
2016-08-18;19,308
2016-08-19;19,2845
2016-08-22;19,2986
2016-08-23;19,3221
2016-08-24;19,3033
2016-08-25;19,2188
2016-08-26;19,261
2016-08-29;19,261
2016-08-30;19,4489
2016-08-31;19,3362
2016-09-01;19,5944
2016-09-02;20,2001
2016-09-05;20,2048
2016-09-06;20,3974
2016-09-07;20,3551
2016-09-08;20,4255
2016-09-09;20,8012
2016-09-12;20,7824
2016-09-13;20,9326
2016-09-14;20,8622
2016-09-15;20,9373
2016-09-16;21,0266
2016-09-19;21,0641
2016-09-20;21,1205
2016-09-21;20,773
2016-09-22;20,8716
2016-09-23;20,6885
2016-09-26;20,233
2016-09-27;20,2142
2016-09-28;20,5335
2016-09-29;20,5523
2016-09-30;20,5054
2016-10-03;20,3927
2016-10-04;20,3598
2016-10-05;20,3128
2016-10-06;20,1015
2016-10-07;19,6836
2016-10-10;19,8902
2016-10-11;19,8151
2016-10-12;19,5897
2016-10-13;19,4676
2016-10-14;19,6226
2016-10-17;19,1577
2016-10-18;19,5193
2016-10-19;19,3784
2016-10-20;18,3548
2016-10-21;18,2891
2016-10-24;18,3924
2016-10-25;18,0449
2016-10-26;18,2045
2016-10-27;18,1717
2016-10-28;19,3549
2016-10-31;19,6742
2016-11-01;19,2751
2016-11-02;19,4254
2016-11-03;19,6038
2016-11-04;19,2798
2016-11-07;19,6461
2016-11-08;19,5756
2016-11-09;19,3127
2016-11-10;19,1155
2016-11-11;19,1577
2016-11-14;19,1812
2016-11-15;19,3221
2016-11-16;19,0685
2016-11-17;19,1202
2016-11-18;19,0826
2016-11-21;18,923
2016-11-22;19,4536
2016-11-23;19,4019
2016-11-24;19,261
2016-11-25;19,4348
2016-11-28;19,2141
2016-11-29;19,477
2016-11-30;19,153
2016-12-01;18,8901
2016-12-02;18,5567
2016-12-05;18,5849
2016-12-06;18,6178
2016-12-07;18,3548
2016-12-08;18,2656
2016-12-09;18,6271
2016-12-12;18,8995
2016-12-13;19,3268
2016-12-14;19,6273
2016-12-15;19,8339
2016-12-16;19,1624
2016-12-19;19,2235
2016-12-20;19,2892
2016-12-21;19,7822
2016-12-22;19,7212
2016-12-23;19,7447
2016-12-26;19,7447
2016-12-27;19,9654
2016-12-28;19,8527
2016-12-29;19,9701
2016-12-30;19,6508
2017-01-02;19,7635
2017-01-03;20,1485
2017-01-04;20,0123
2017-01-05;19,9278
2017-01-06;19,7775
2017-01-09;19,7822
2017-01-10;19,5193
2017-01-11;19,2892
2017-01-12;19,2798
2017-01-13;19,4395
2017-01-16;19,2329
2017-01-17;19,2047
2017-01-18;18,876
2017-01-19;18,9136
2017-01-20;18,8103
2017-01-23;18,7821
2017-01-24;18,7257
2017-01-25;18,6506
2017-01-26;17,7444
2017-01-27;17,4814
2017-01-30;17,3312
2017-01-31;16,9133
2017-02-01;17,087
2017-02-02;17,0072
2017-02-03;16,9884
2017-02-06;16,8241
2017-02-07;17,0682
2017-02-08;17,8524
2017-02-09;18,3501
2017-02-10;18,2139
2017-02-13;18,1482
2017-02-14;18,0167
2017-02-15;18,1388
2017-02-16;18,383
2017-02-17;18,5004
2017-02-20;18,5332
2017-02-21;18,4065
2017-02-22;18,2703
2017-02-23;18,6882
2017-02-24;18,4299
2017-02-27;18,1247
2017-02-28;18,0919
2017-03-01;18,4487
2017-03-02;18,228
2017-03-03;18,2327
2017-03-06;18,2233
2017-03-07;18,2562
2017-03-08;18,1952
2017-03-09;18,4816
2017-03-10;18,3689
2017-03-13;18,5191
2017-03-14;18,4065
2017-03-15;18,5004
2017-03-16;18,552
2017-03-17;18,4346
2017-03-20;17,9932
2017-03-21;18,2139
2017-03-22;18,1764
2017-03-23;18,3595
2017-03-24;18,5379
2017-03-27;18,4346
2017-03-28;18,7492
2017-03-29;18,6694
2017-03-30;19,7212
2017-03-31;20,4772
2017-04-03;20,604
2017-04-04;20,6791
2017-04-05;20,341
2017-04-06;20,4067
2017-04-07;20,4631
2017-04-10;20,2377
2017-04-11;20,2377
2017-04-12;20,4631
2017-04-13;20,4866
2017-04-14;20,4866
2017-04-17;20,4866
2017-04-18;20,3833
2017-04-19;20,3927
2017-04-20;20,6133
2017-04-21;20,665
2017-04-24;20,7
2017-04-25;20,7
2017-04-26;20,83
2017-04-27;20,885
2017-04-28;20,075
2017-05-01;20,075
2017-05-02;20,52
2017-05-03;20,56
2017-05-04;20,945
2017-05-05;21,1
2017-05-08;21,055
2017-05-09;20,95
2017-05-10;20,85
2017-05-11;20,435
2017-05-12;20,665
2017-05-15;20,65
2017-05-16;20,945
2017-05-17;20,76
2017-05-18;20,645
2017-05-19;21,045
2017-05-22;21,23
2017-05-23;21,2
2017-05-24;21,425
2017-05-25;21,305
2017-05-26;21,72
2017-05-29;21,83
2017-05-30;21,885
2017-05-31;22,02
2017-06-01;22,915
2017-06-02;22,965
2017-06-05;23,275
2017-06-06;23,01
2017-06-07;22,955
2017-06-08;22,665
2017-06-09;22,65
2017-06-12;22,5
2017-06-13;22,48
2017-06-14;22,505
2017-06-15;22,735
2017-06-16;22,71
2017-06-19;22,39
2017-06-20;22,355
2017-06-21;22,32
2017-06-22;22,35
2017-06-23;22,175
2017-06-26;22,355
2017-06-27;21,95
2017-06-28;21,515
2017-06-29;21,035
2017-06-30;20,525
2017-07-03;20,57
2017-07-04;20,58
2017-07-05;20,63
2017-07-06;19,76
2017-07-07;19,595
2017-07-10;19,745
2017-07-11;19,555
2017-07-12;19,61
2017-07-13;19,685
2017-07-14;19,975
2017-07-17;20,175
2017-07-18;20,185
2017-07-19;20,12
2017-07-20;19,9
2017-07-21;20,045
2017-07-24;19,9
2017-07-25;19,94
2017-07-26;19,985
2017-07-27;20,08
2017-07-28;20,1
2017-07-31;19,875
2017-08-01;20,035
2017-08-02;19,855
2017-08-03;20,34
2017-08-04;20,475
2017-08-07;20,345
2017-08-08;20,4
2017-08-09;20,245
2017-08-10;20,115
2017-08-11;19,77
2017-08-14;19,995
2017-08-15;19,895
2017-08-16;19,9
2017-08-17;19,88
2017-08-18;19,57
2017-08-21;19,215
2017-08-22;19,195
2017-08-23;19,075
2017-08-24;19,15
2017-08-25;19,19
2017-08-28;19,165
2017-08-29;18,75
2017-08-30;18,93
2017-08-31;19,205
2017-09-01;19,6
2017-09-04;19,39
2017-09-05;19,205
2017-09-06;18,975
2017-09-07;18,215
2017-09-08;18,125
2017-09-11;18,235
2017-09-12;18,3
2017-09-13;18,3
2017-09-14;18,38
2017-09-15;18,245
2017-09-18;18,395
2017-09-19;18,295
2017-09-20;18,35
2017-09-21;18,185
2017-09-22;18,06
2017-09-25;18,435
2017-09-26;18,28
2017-09-27;18,32
2017-09-28;18,33
2017-09-29;18,51
2017-10-02;18,715
2017-10-03;18,655
2017-10-04;18,58
2017-10-05;18,155
2017-10-06;17,905
2017-10-09;17,67
2017-10-10;17,385
2017-10-11;16,78
2017-10-12;16,575
2017-10-13;16,52
2017-10-16;16,39
2017-10-17;16,765
2017-10-18;16,73
2017-10-19;16,585
2017-10-20;16,865
2017-10-23;16,605
2017-10-24;16,595
2017-10-25;16,525
2017-10-26;16,68
2017-10-27;14,195
2017-10-30;14,175
2017-10-31;13,96
2017-11-01;13,59
2017-11-02;13,505
2017-11-03;13,595
2017-11-06;13,26
2017-11-07;13,055
2017-11-08;13
2017-11-09;13,015
2017-11-10;13,105
2017-11-13;12,61
2017-11-14;12,6
2017-11-15;12,58
2017-11-16;12,785
2017-11-17;12,71
2017-11-20;12,43
2017-11-21;12,42
2017-11-22;12,455
2017-11-23;12,46
2017-11-24;12,405
2017-11-27;12,41
2017-11-28;13,05
2017-11-29;13,415
2017-11-30;13,875
2017-12-01;13,85
2017-12-04;14,2
2017-12-05;14,3
2017-12-06;14,425
2017-12-07;14,7
2017-12-08;14,785
2017-12-11;14,685
2017-12-12;14,87
2017-12-13;14,165
2017-12-14;13,875
2017-12-15;13,2
2017-12-18;13,195
2017-12-19;13,13
2017-12-20;13,325
2017-12-21;13,4
2017-12-22;13,65
2017-12-25;13,65
2017-12-26;13,65
2017-12-27;13,445
2017-12-28;13,125
2017-12-29;13,01
2018-01-01;13,01
2018-01-02;13,615
2018-01-03;13,16
2018-01-04;12,77
2018-01-05;12,62
2018-01-08;12,815
2018-01-09;13,115
2018-01-10;12,97
2018-01-11;12,95
2018-01-12;13,26
2018-01-15;13,57
2018-01-16;13,715
2018-01-17;14
2018-01-18;13,5
2018-01-19;13,045
2018-01-22;13,285
2018-01-23;13,55
2018-01-24;13,42
2018-01-25;12,925
2018-01-26;12,19
2018-01-29;12,43
2018-01-30;12,27
2018-01-31;12,57
2018-02-01;12,895
2018-02-02;12,655
2018-02-05;12,55
2018-02-06;12,43
2018-02-07;12,28
2018-02-08;12,69
2018-02-09;12,875
2018-02-12;11,435
2018-02-13;10,855
2018-02-14;11,24
2018-02-15;11,235
2018-02-16;11,815
2018-02-19;11,845
2018-02-20;12,01
2018-02-21;11,79
2018-02-22;11,765
2018-02-23;11,405
2018-02-26;12,51
2018-02-27;12,515
2018-02-28;13,13
2018-03-01;13,475
2018-03-02;13,025
2018-03-05;12,895
2018-03-06;12,86
2018-03-07;12,475
2018-03-08;12,73
2018-03-09;12,485
2018-03-12;12,7
2018-03-13;12,57
2018-03-14;12,745
2018-03-15;12,805
2018-03-16;13,075
2018-03-19;12,77
2018-03-20;12,61
2018-03-21;12,09
2018-03-22;11,895
